/*
 Navicat Premium Data Transfer

 Source Server         : 175.24.44.32
 Source Server Type    : MySQL
 Source Server Version : 50636
 Source Host           : 175.24.44.32:3306
 Source Schema         : supermarket

 Target Server Type    : MySQL
 Target Server Version : 50636
 File Encoding         : 65001

 Date: 09/12/2020 16:43:04
*/

SET NAMES utf8mb4;
SET FOREIGN_KEY_CHECKS = 0;

-- ----------------------------
-- Table structure for gen_table
-- ----------------------------
DROP TABLE IF EXISTS `gen_table`;
CREATE TABLE `gen_table`  (
  `table_id` bigint(20) NOT NULL AUTO_INCREMENT COMMENT '编号',
  `table_name` varchar(200) CHARACTER SET utf8 COLLATE utf8_unicode_ci NULL DEFAULT '' COMMENT '表名称',
  `table_comment` varchar(500) CHARACTER SET utf8 COLLATE utf8_unicode_ci NULL DEFAULT '' COMMENT '表描述',
  `sub_table_name` varchar(64) CHARACTER SET utf8 COLLATE utf8_unicode_ci NULL DEFAULT NULL COMMENT '关联子表的表名',
  `sub_table_fk_name` varchar(64) CHARACTER SET utf8 COLLATE utf8_unicode_ci NULL DEFAULT NULL COMMENT '子表关联的外键名',
  `class_name` varchar(100) CHARACTER SET utf8 COLLATE utf8_unicode_ci NULL DEFAULT '' COMMENT '实体类名称',
  `tpl_category` varchar(200) CHARACTER SET utf8 COLLATE utf8_unicode_ci NULL DEFAULT 'crud' COMMENT '使用的模板（crud单表操作 tree树表操作 sub主子表操作）',
  `package_name` varchar(100) CHARACTER SET utf8 COLLATE utf8_unicode_ci NULL DEFAULT NULL COMMENT '生成包路径',
  `module_name` varchar(30) CHARACTER SET utf8 COLLATE utf8_unicode_ci NULL DEFAULT NULL COMMENT '生成模块名',
  `business_name` varchar(30) CHARACTER SET utf8 COLLATE utf8_unicode_ci NULL DEFAULT NULL COMMENT '生成业务名',
  `function_name` varchar(50) CHARACTER SET utf8 COLLATE utf8_unicode_ci NULL DEFAULT NULL COMMENT '生成功能名',
  `function_author` varchar(50) CHARACTER SET utf8 COLLATE utf8_unicode_ci NULL DEFAULT NULL COMMENT '生成功能作者',
  `gen_type` char(1) CHARACTER SET utf8 COLLATE utf8_unicode_ci NULL DEFAULT '0' COMMENT '生成代码方式（0zip压缩包 1自定义路径）',
  `gen_path` varchar(200) CHARACTER SET utf8 COLLATE utf8_unicode_ci NULL DEFAULT '/' COMMENT '生成路径（不填默认项目路径）',
  `options` varchar(1000) CHARACTER SET utf8 COLLATE utf8_unicode_ci NULL DEFAULT NULL COMMENT '其它生成选项',
  `create_by` varchar(64) CHARACTER SET utf8 COLLATE utf8_unicode_ci NULL DEFAULT '' COMMENT '创建者',
  `create_time` datetime(0) NULL DEFAULT NULL COMMENT '创建时间',
  `update_by` varchar(64) CHARACTER SET utf8 COLLATE utf8_unicode_ci NULL DEFAULT '' COMMENT '更新者',
  `update_time` datetime(0) NULL DEFAULT NULL COMMENT '更新时间',
  `remark` varchar(500) CHARACTER SET utf8 COLLATE utf8_unicode_ci NULL DEFAULT NULL COMMENT '备注',
  PRIMARY KEY (`table_id`) USING BTREE
) ENGINE = InnoDB AUTO_INCREMENT = 3 CHARACTER SET = utf8 COLLATE = utf8_unicode_ci COMMENT = '代码生成业务表' ROW_FORMAT = Compact;

-- ----------------------------
-- Records of gen_table
-- ----------------------------
INSERT INTO `gen_table` VALUES (1, 'zgoods', '', NULL, NULL, 'Zgoods', 'crud', 'com.ruoyi.system', 'system', 'zgoods', NULL, 'ruoyi', '0', '/', NULL, 'admin', '2020-11-03 02:51:20', '', NULL, NULL);
INSERT INTO `gen_table` VALUES (2, 'zorder', '', NULL, NULL, 'Zorder', 'crud', 'com.ruoyi.system', 'system', 'zorder', NULL, 'ruoyi', '0', '/', NULL, 'admin', '2020-11-03 02:51:20', '', NULL, NULL);

-- ----------------------------
-- Table structure for gen_table_column
-- ----------------------------
DROP TABLE IF EXISTS `gen_table_column`;
CREATE TABLE `gen_table_column`  (
  `column_id` bigint(20) NOT NULL AUTO_INCREMENT COMMENT '编号',
  `table_id` varchar(64) CHARACTER SET utf8 COLLATE utf8_unicode_ci NULL DEFAULT NULL COMMENT '归属表编号',
  `column_name` varchar(200) CHARACTER SET utf8 COLLATE utf8_unicode_ci NULL DEFAULT NULL COMMENT '列名称',
  `column_comment` varchar(500) CHARACTER SET utf8 COLLATE utf8_unicode_ci NULL DEFAULT NULL COMMENT '列描述',
  `column_type` varchar(100) CHARACTER SET utf8 COLLATE utf8_unicode_ci NULL DEFAULT NULL COMMENT '列类型',
  `java_type` varchar(500) CHARACTER SET utf8 COLLATE utf8_unicode_ci NULL DEFAULT NULL COMMENT 'JAVA类型',
  `java_field` varchar(200) CHARACTER SET utf8 COLLATE utf8_unicode_ci NULL DEFAULT NULL COMMENT 'JAVA字段名',
  `is_pk` char(1) CHARACTER SET utf8 COLLATE utf8_unicode_ci NULL DEFAULT NULL COMMENT '是否主键（1是）',
  `is_increment` char(1) CHARACTER SET utf8 COLLATE utf8_unicode_ci NULL DEFAULT NULL COMMENT '是否自增（1是）',
  `is_required` char(1) CHARACTER SET utf8 COLLATE utf8_unicode_ci NULL DEFAULT NULL COMMENT '是否必填（1是）',
  `is_insert` char(1) CHARACTER SET utf8 COLLATE utf8_unicode_ci NULL DEFAULT NULL COMMENT '是否为插入字段（1是）',
  `is_edit` char(1) CHARACTER SET utf8 COLLATE utf8_unicode_ci NULL DEFAULT NULL COMMENT '是否编辑字段（1是）',
  `is_list` char(1) CHARACTER SET utf8 COLLATE utf8_unicode_ci NULL DEFAULT NULL COMMENT '是否列表字段（1是）',
  `is_query` char(1) CHARACTER SET utf8 COLLATE utf8_unicode_ci NULL DEFAULT NULL COMMENT '是否查询字段（1是）',
  `query_type` varchar(200) CHARACTER SET utf8 COLLATE utf8_unicode_ci NULL DEFAULT 'EQ' COMMENT '查询方式（等于、不等于、大于、小于、范围）',
  `html_type` varchar(200) CHARACTER SET utf8 COLLATE utf8_unicode_ci NULL DEFAULT NULL COMMENT '显示类型（文本框、文本域、下拉框、复选框、单选框、日期控件）',
  `dict_type` varchar(200) CHARACTER SET utf8 COLLATE utf8_unicode_ci NULL DEFAULT '' COMMENT '字典类型',
  `sort` int(11) NULL DEFAULT NULL COMMENT '排序',
  `create_by` varchar(64) CHARACTER SET utf8 COLLATE utf8_unicode_ci NULL DEFAULT '' COMMENT '创建者',
  `create_time` datetime(0) NULL DEFAULT NULL COMMENT '创建时间',
  `update_by` varchar(64) CHARACTER SET utf8 COLLATE utf8_unicode_ci NULL DEFAULT '' COMMENT '更新者',
  `update_time` datetime(0) NULL DEFAULT NULL COMMENT '更新时间',
  PRIMARY KEY (`column_id`) USING BTREE
) ENGINE = InnoDB AUTO_INCREMENT = 8 CHARACTER SET = utf8 COLLATE = utf8_unicode_ci COMMENT = '代码生成业务表字段' ROW_FORMAT = Compact;

-- ----------------------------
-- Records of gen_table_column
-- ----------------------------
INSERT INTO `gen_table_column` VALUES (1, '1', 'id', NULL, 'int(11)', 'Long', 'id', '1', '1', NULL, '1', NULL, NULL, NULL, 'EQ', 'input', '', 1, 'admin', '2020-11-03 02:51:20', '', NULL);
INSERT INTO `gen_table_column` VALUES (2, '1', 'name', NULL, 'varchar(10)', 'String', 'name', '0', '0', NULL, '1', '1', '1', '1', 'LIKE', 'input', '', 2, 'admin', '2020-11-03 02:51:20', '', NULL);
INSERT INTO `gen_table_column` VALUES (3, '1', 'num', NULL, 'int(11)', 'Long', 'num', '0', '0', NULL, '1', '1', '1', '1', 'EQ', 'input', '', 3, 'admin', '2020-11-03 02:51:20', '', NULL);
INSERT INTO `gen_table_column` VALUES (4, '2', 'id', NULL, 'int(11)', 'Long', 'id', '1', '1', NULL, '1', NULL, NULL, NULL, 'EQ', 'input', '', 1, 'admin', '2020-11-03 02:51:20', '', NULL);
INSERT INTO `gen_table_column` VALUES (5, '2', 'orderId', NULL, 'varchar(20)', 'String', 'orderId', '0', '0', NULL, '1', '1', '1', '1', 'EQ', 'input', '', 2, 'admin', '2020-11-03 02:51:20', '', NULL);
INSERT INTO `gen_table_column` VALUES (6, '2', 'name', NULL, 'varchar(10)', 'String', 'name', '0', '0', NULL, '1', '1', '1', '1', 'LIKE', 'input', '', 3, 'admin', '2020-11-03 02:51:20', '', NULL);
INSERT INTO `gen_table_column` VALUES (7, '2', 'num', NULL, 'int(10)', 'Integer', 'num', '0', '0', NULL, '1', '1', '1', '1', 'EQ', 'input', '', 4, 'admin', '2020-11-03 02:51:20', '', NULL);

-- ----------------------------
-- Table structure for sys_config
-- ----------------------------
DROP TABLE IF EXISTS `sys_config`;
CREATE TABLE `sys_config`  (
  `config_id` int(5) NOT NULL AUTO_INCREMENT COMMENT '参数主键',
  `config_name` varchar(100) CHARACTER SET utf8 COLLATE utf8_unicode_ci NULL DEFAULT '' COMMENT '参数名称',
  `config_key` varchar(100) CHARACTER SET utf8 COLLATE utf8_unicode_ci NULL DEFAULT '' COMMENT '参数键名',
  `config_value` varchar(500) CHARACTER SET utf8 COLLATE utf8_unicode_ci NULL DEFAULT '' COMMENT '参数键值',
  `config_type` char(1) CHARACTER SET utf8 COLLATE utf8_unicode_ci NULL DEFAULT 'N' COMMENT '系统内置（Y是 N否）',
  `create_by` varchar(64) CHARACTER SET utf8 COLLATE utf8_unicode_ci NULL DEFAULT '' COMMENT '创建者',
  `create_time` datetime(0) NULL DEFAULT NULL COMMENT '创建时间',
  `update_by` varchar(64) CHARACTER SET utf8 COLLATE utf8_unicode_ci NULL DEFAULT '' COMMENT '更新者',
  `update_time` datetime(0) NULL DEFAULT NULL COMMENT '更新时间',
  `remark` varchar(500) CHARACTER SET utf8 COLLATE utf8_unicode_ci NULL DEFAULT NULL COMMENT '备注',
  PRIMARY KEY (`config_id`) USING BTREE
) ENGINE = InnoDB AUTO_INCREMENT = 6 CHARACTER SET = utf8 COLLATE = utf8_unicode_ci COMMENT = '参数配置表' ROW_FORMAT = Compact;

-- ----------------------------
-- Records of sys_config
-- ----------------------------
INSERT INTO `sys_config` VALUES (1, '主框架页-默认皮肤样式名称', 'sys.index.skinName', 'skin-blue', 'Y', 'admin', '2018-03-16 11:33:00', 'ry', '2018-03-16 11:33:00', '蓝色 skin-blue、绿色 skin-green、紫色 skin-purple、红色 skin-red、黄色 skin-yellow');
INSERT INTO `sys_config` VALUES (2, '用户管理-账号初始密码', 'sys.user.initPassword', '123456', 'Y', 'admin', '2018-03-16 11:33:00', 'ry', '2018-03-16 11:33:00', '初始化密码 123456');
INSERT INTO `sys_config` VALUES (3, '主框架页-侧边栏主题', 'sys.index.sideTheme', 'theme-dark', 'Y', 'admin', '2018-03-16 11:33:00', 'ry', '2018-03-16 11:33:00', '深黑主题theme-dark，浅色主题theme-light，深蓝主题theme-blue');
INSERT INTO `sys_config` VALUES (4, '账号自助-是否开启用户注册功能', 'sys.account.registerUser', 'false', 'Y', 'admin', '2018-03-16 11:33:00', 'ry', '2018-03-16 11:33:00', '是否开启注册用户功能');
INSERT INTO `sys_config` VALUES (5, '用户管理-密码字符范围', 'sys.account.chrtype', '0', 'Y', 'admin', '2018-03-16 11:33:00', 'ry', '2018-03-16 11:33:00', '默认任意字符范围，0任意（密码可以输入任意字符），1数字（密码只能为0-9数字），2英文字母（密码只能为a-z和A-Z字母），3字母和数字（密码必须包含字母，数字）,4字母数组和特殊字符（密码必须包含字母，数字，特殊字符-_）');

-- ----------------------------
-- Table structure for sys_dept
-- ----------------------------
DROP TABLE IF EXISTS `sys_dept`;
CREATE TABLE `sys_dept`  (
  `dept_id` bigint(20) NOT NULL AUTO_INCREMENT COMMENT '部门id',
  `parent_id` bigint(20) NULL DEFAULT 0 COMMENT '父部门id',
  `ancestors` varchar(50) CHARACTER SET utf8 COLLATE utf8_unicode_ci NULL DEFAULT '' COMMENT '祖级列表',
  `dept_name` varchar(30) CHARACTER SET utf8 COLLATE utf8_unicode_ci NULL DEFAULT '' COMMENT '部门名称',
  `order_num` int(4) NULL DEFAULT 0 COMMENT '显示顺序',
  `leader` varchar(20) CHARACTER SET utf8 COLLATE utf8_unicode_ci NULL DEFAULT NULL COMMENT '负责人',
  `phone` varchar(11) CHARACTER SET utf8 COLLATE utf8_unicode_ci NULL DEFAULT NULL COMMENT '联系电话',
  `email` varchar(50) CHARACTER SET utf8 COLLATE utf8_unicode_ci NULL DEFAULT NULL COMMENT '邮箱',
  `status` char(1) CHARACTER SET utf8 COLLATE utf8_unicode_ci NULL DEFAULT '0' COMMENT '部门状态（0正常 1停用）',
  `del_flag` char(1) CHARACTER SET utf8 COLLATE utf8_unicode_ci NULL DEFAULT '0' COMMENT '删除标志（0代表存在 2代表删除）',
  `create_by` varchar(64) CHARACTER SET utf8 COLLATE utf8_unicode_ci NULL DEFAULT '' COMMENT '创建者',
  `create_time` datetime(0) NULL DEFAULT NULL COMMENT '创建时间',
  `update_by` varchar(64) CHARACTER SET utf8 COLLATE utf8_unicode_ci NULL DEFAULT '' COMMENT '更新者',
  `update_time` datetime(0) NULL DEFAULT NULL COMMENT '更新时间',
  PRIMARY KEY (`dept_id`) USING BTREE
) ENGINE = InnoDB AUTO_INCREMENT = 111 CHARACTER SET = utf8 COLLATE = utf8_unicode_ci COMMENT = '部门表' ROW_FORMAT = Compact;

-- ----------------------------
-- Records of sys_dept
-- ----------------------------
INSERT INTO `sys_dept` VALUES (100, 0, '0', '超市管理系统', 0, '若依', '15888888888', 'ry@qq.com', '0', '0', 'admin', '2018-03-16 11:33:00', 'ry', '2018-03-16 11:33:00');
INSERT INTO `sys_dept` VALUES (101, 100, '0,100', '深圳总公司', 1, '若依', '15888888888', 'ry@qq.com', '0', '2', 'admin', '2018-03-16 11:33:00', 'ry', '2018-03-16 11:33:00');
INSERT INTO `sys_dept` VALUES (102, 100, '0,100', '长沙分公司', 2, '若依', '15888888888', 'ry@qq.com', '0', '2', 'admin', '2018-03-16 11:33:00', 'ry', '2018-03-16 11:33:00');
INSERT INTO `sys_dept` VALUES (103, 101, '0,100,101', '研发部门', 1, '若依', '15888888888', 'ry@qq.com', '0', '2', 'admin', '2018-03-16 11:33:00', 'ry', '2018-03-16 11:33:00');
INSERT INTO `sys_dept` VALUES (104, 101, '0,100,101', '市场部门', 2, '若依', '15888888888', 'ry@qq.com', '0', '2', 'admin', '2018-03-16 11:33:00', 'ry', '2018-03-16 11:33:00');
INSERT INTO `sys_dept` VALUES (105, 101, '0,100,101', '测试部门', 3, '若依', '15888888888', 'ry@qq.com', '0', '2', 'admin', '2018-03-16 11:33:00', 'ry', '2018-03-16 11:33:00');
INSERT INTO `sys_dept` VALUES (106, 101, '0,100,101', '财务部门', 4, '若依', '15888888888', 'ry@qq.com', '0', '2', 'admin', '2018-03-16 11:33:00', 'ry', '2018-03-16 11:33:00');
INSERT INTO `sys_dept` VALUES (107, 101, '0,100,101', '运维部门', 5, '若依', '15888888888', 'ry@qq.com', '0', '2', 'admin', '2018-03-16 11:33:00', 'ry', '2018-03-16 11:33:00');
INSERT INTO `sys_dept` VALUES (108, 102, '0,100,102', '市场部门', 1, '若依', '15888888888', 'ry@qq.com', '0', '2', 'admin', '2018-03-16 11:33:00', 'ry', '2018-03-16 11:33:00');
INSERT INTO `sys_dept` VALUES (109, 102, '0,100,102', '财务部门', 2, '若依', '15888888888', 'ry@qq.com', '0', '2', 'admin', '2018-03-16 11:33:00', 'ry', '2018-03-16 11:33:00');
INSERT INTO `sys_dept` VALUES (110, 100, '0,100', '售货部', 1, NULL, NULL, NULL, '0', '0', 'admin', '2020-12-09 08:37:28', '', NULL);

-- ----------------------------
-- Table structure for sys_dict_data
-- ----------------------------
DROP TABLE IF EXISTS `sys_dict_data`;
CREATE TABLE `sys_dict_data`  (
  `dict_code` bigint(20) NOT NULL AUTO_INCREMENT COMMENT '字典编码',
  `dict_sort` int(4) NULL DEFAULT 0 COMMENT '字典排序',
  `dict_label` varchar(100) CHARACTER SET utf8 COLLATE utf8_unicode_ci NULL DEFAULT '' COMMENT '字典标签',
  `dict_value` varchar(100) CHARACTER SET utf8 COLLATE utf8_unicode_ci NULL DEFAULT '' COMMENT '字典键值',
  `dict_type` varchar(100) CHARACTER SET utf8 COLLATE utf8_unicode_ci NULL DEFAULT '' COMMENT '字典类型',
  `css_class` varchar(100) CHARACTER SET utf8 COLLATE utf8_unicode_ci NULL DEFAULT NULL COMMENT '样式属性（其他样式扩展）',
  `list_class` varchar(100) CHARACTER SET utf8 COLLATE utf8_unicode_ci NULL DEFAULT NULL COMMENT '表格回显样式',
  `is_default` char(1) CHARACTER SET utf8 COLLATE utf8_unicode_ci NULL DEFAULT 'N' COMMENT '是否默认（Y是 N否）',
  `status` char(1) CHARACTER SET utf8 COLLATE utf8_unicode_ci NULL DEFAULT '0' COMMENT '状态（0正常 1停用）',
  `create_by` varchar(64) CHARACTER SET utf8 COLLATE utf8_unicode_ci NULL DEFAULT '' COMMENT '创建者',
  `create_time` datetime(0) NULL DEFAULT NULL COMMENT '创建时间',
  `update_by` varchar(64) CHARACTER SET utf8 COLLATE utf8_unicode_ci NULL DEFAULT '' COMMENT '更新者',
  `update_time` datetime(0) NULL DEFAULT NULL COMMENT '更新时间',
  `remark` varchar(500) CHARACTER SET utf8 COLLATE utf8_unicode_ci NULL DEFAULT NULL COMMENT '备注',
  PRIMARY KEY (`dict_code`) USING BTREE
) ENGINE = InnoDB AUTO_INCREMENT = 30 CHARACTER SET = utf8 COLLATE = utf8_unicode_ci COMMENT = '字典数据表' ROW_FORMAT = Compact;

-- ----------------------------
-- Records of sys_dict_data
-- ----------------------------
INSERT INTO `sys_dict_data` VALUES (1, 1, '男', '0', 'sys_user_sex', '', '', 'Y', '0', 'admin', '2018-03-16 11:33:00', 'ry', '2018-03-16 11:33:00', '性别男');
INSERT INTO `sys_dict_data` VALUES (2, 2, '女', '1', 'sys_user_sex', '', '', 'N', '0', 'admin', '2018-03-16 11:33:00', 'ry', '2018-03-16 11:33:00', '性别女');
INSERT INTO `sys_dict_data` VALUES (3, 3, '未知', '2', 'sys_user_sex', '', '', 'N', '0', 'admin', '2018-03-16 11:33:00', 'ry', '2018-03-16 11:33:00', '性别未知');
INSERT INTO `sys_dict_data` VALUES (4, 1, '显示', '0', 'sys_show_hide', '', 'primary', 'Y', '0', 'admin', '2018-03-16 11:33:00', 'ry', '2018-03-16 11:33:00', '显示菜单');
INSERT INTO `sys_dict_data` VALUES (5, 2, '隐藏', '1', 'sys_show_hide', '', 'danger', 'N', '0', 'admin', '2018-03-16 11:33:00', 'ry', '2018-03-16 11:33:00', '隐藏菜单');
INSERT INTO `sys_dict_data` VALUES (6, 1, '正常', '0', 'sys_normal_disable', '', 'primary', 'Y', '0', 'admin', '2018-03-16 11:33:00', 'ry', '2018-03-16 11:33:00', '正常状态');
INSERT INTO `sys_dict_data` VALUES (7, 2, '停用', '1', 'sys_normal_disable', '', 'danger', 'N', '0', 'admin', '2018-03-16 11:33:00', 'ry', '2018-03-16 11:33:00', '停用状态');
INSERT INTO `sys_dict_data` VALUES (8, 1, '正常', '0', 'sys_job_status', '', 'primary', 'Y', '0', 'admin', '2018-03-16 11:33:00', 'ry', '2018-03-16 11:33:00', '正常状态');
INSERT INTO `sys_dict_data` VALUES (9, 2, '暂停', '1', 'sys_job_status', '', 'danger', 'N', '0', 'admin', '2018-03-16 11:33:00', 'ry', '2018-03-16 11:33:00', '停用状态');
INSERT INTO `sys_dict_data` VALUES (10, 1, '默认', 'DEFAULT', 'sys_job_group', '', '', 'Y', '0', 'admin', '2018-03-16 11:33:00', 'ry', '2018-03-16 11:33:00', '默认分组');
INSERT INTO `sys_dict_data` VALUES (11, 2, '系统', 'SYSTEM', 'sys_job_group', '', '', 'N', '0', 'admin', '2018-03-16 11:33:00', 'ry', '2018-03-16 11:33:00', '系统分组');
INSERT INTO `sys_dict_data` VALUES (12, 1, '是', 'Y', 'sys_yes_no', '', 'primary', 'Y', '0', 'admin', '2018-03-16 11:33:00', 'ry', '2018-03-16 11:33:00', '系统默认是');
INSERT INTO `sys_dict_data` VALUES (13, 2, '否', 'N', 'sys_yes_no', '', 'danger', 'N', '0', 'admin', '2018-03-16 11:33:00', 'ry', '2018-03-16 11:33:00', '系统默认否');
INSERT INTO `sys_dict_data` VALUES (14, 1, '通知', '1', 'sys_notice_type', '', 'warning', 'Y', '0', 'admin', '2018-03-16 11:33:00', 'ry', '2018-03-16 11:33:00', '通知');
INSERT INTO `sys_dict_data` VALUES (15, 2, '公告', '2', 'sys_notice_type', '', 'success', 'N', '0', 'admin', '2018-03-16 11:33:00', 'ry', '2018-03-16 11:33:00', '公告');
INSERT INTO `sys_dict_data` VALUES (16, 1, '正常', '0', 'sys_notice_status', '', 'primary', 'Y', '0', 'admin', '2018-03-16 11:33:00', 'ry', '2018-03-16 11:33:00', '正常状态');
INSERT INTO `sys_dict_data` VALUES (17, 2, '关闭', '1', 'sys_notice_status', '', 'danger', 'N', '0', 'admin', '2018-03-16 11:33:00', 'ry', '2018-03-16 11:33:00', '关闭状态');
INSERT INTO `sys_dict_data` VALUES (18, 99, '其他', '0', 'sys_oper_type', '', 'info', 'N', '0', 'admin', '2018-03-16 11:33:00', 'ry', '2018-03-16 11:33:00', '其他操作');
INSERT INTO `sys_dict_data` VALUES (19, 1, '新增', '1', 'sys_oper_type', '', 'info', 'N', '0', 'admin', '2018-03-16 11:33:00', 'ry', '2018-03-16 11:33:00', '新增操作');
INSERT INTO `sys_dict_data` VALUES (20, 2, '修改', '2', 'sys_oper_type', '', 'info', 'N', '0', 'admin', '2018-03-16 11:33:00', 'ry', '2018-03-16 11:33:00', '修改操作');
INSERT INTO `sys_dict_data` VALUES (21, 3, '删除', '3', 'sys_oper_type', '', 'danger', 'N', '0', 'admin', '2018-03-16 11:33:00', 'ry', '2018-03-16 11:33:00', '删除操作');
INSERT INTO `sys_dict_data` VALUES (22, 4, '授权', '4', 'sys_oper_type', '', 'primary', 'N', '0', 'admin', '2018-03-16 11:33:00', 'ry', '2018-03-16 11:33:00', '授权操作');
INSERT INTO `sys_dict_data` VALUES (23, 5, '导出', '5', 'sys_oper_type', '', 'warning', 'N', '0', 'admin', '2018-03-16 11:33:00', 'ry', '2018-03-16 11:33:00', '导出操作');
INSERT INTO `sys_dict_data` VALUES (24, 6, '导入', '6', 'sys_oper_type', '', 'warning', 'N', '0', 'admin', '2018-03-16 11:33:00', 'ry', '2018-03-16 11:33:00', '导入操作');
INSERT INTO `sys_dict_data` VALUES (25, 7, '强退', '7', 'sys_oper_type', '', 'danger', 'N', '0', 'admin', '2018-03-16 11:33:00', 'ry', '2018-03-16 11:33:00', '强退操作');
INSERT INTO `sys_dict_data` VALUES (26, 8, '生成代码', '8', 'sys_oper_type', '', 'warning', 'N', '0', 'admin', '2018-03-16 11:33:00', 'ry', '2018-03-16 11:33:00', '生成操作');
INSERT INTO `sys_dict_data` VALUES (27, 9, '清空数据', '9', 'sys_oper_type', '', 'danger', 'N', '0', 'admin', '2018-03-16 11:33:00', 'ry', '2018-03-16 11:33:00', '清空操作');
INSERT INTO `sys_dict_data` VALUES (28, 1, '成功', '0', 'sys_common_status', '', 'primary', 'N', '0', 'admin', '2018-03-16 11:33:00', 'ry', '2018-03-16 11:33:00', '正常状态');
INSERT INTO `sys_dict_data` VALUES (29, 2, '失败', '1', 'sys_common_status', '', 'danger', 'N', '0', 'admin', '2018-03-16 11:33:00', 'ry', '2018-03-16 11:33:00', '停用状态');

-- ----------------------------
-- Table structure for sys_dict_type
-- ----------------------------
DROP TABLE IF EXISTS `sys_dict_type`;
CREATE TABLE `sys_dict_type`  (
  `dict_id` bigint(20) NOT NULL AUTO_INCREMENT COMMENT '字典主键',
  `dict_name` varchar(100) CHARACTER SET utf8 COLLATE utf8_unicode_ci NULL DEFAULT '' COMMENT '字典名称',
  `dict_type` varchar(100) CHARACTER SET utf8 COLLATE utf8_unicode_ci NULL DEFAULT '' COMMENT '字典类型',
  `status` char(1) CHARACTER SET utf8 COLLATE utf8_unicode_ci NULL DEFAULT '0' COMMENT '状态（0正常 1停用）',
  `create_by` varchar(64) CHARACTER SET utf8 COLLATE utf8_unicode_ci NULL DEFAULT '' COMMENT '创建者',
  `create_time` datetime(0) NULL DEFAULT NULL COMMENT '创建时间',
  `update_by` varchar(64) CHARACTER SET utf8 COLLATE utf8_unicode_ci NULL DEFAULT '' COMMENT '更新者',
  `update_time` datetime(0) NULL DEFAULT NULL COMMENT '更新时间',
  `remark` varchar(500) CHARACTER SET utf8 COLLATE utf8_unicode_ci NULL DEFAULT NULL COMMENT '备注',
  PRIMARY KEY (`dict_id`) USING BTREE,
  UNIQUE INDEX `dict_type`(`dict_type`) USING BTREE
) ENGINE = InnoDB AUTO_INCREMENT = 11 CHARACTER SET = utf8 COLLATE = utf8_unicode_ci COMMENT = '字典类型表' ROW_FORMAT = Compact;

-- ----------------------------
-- Records of sys_dict_type
-- ----------------------------
INSERT INTO `sys_dict_type` VALUES (1, '用户性别', 'sys_user_sex', '0', 'admin', '2018-03-16 11:33:00', 'ry', '2018-03-16 11:33:00', '用户性别列表');
INSERT INTO `sys_dict_type` VALUES (2, '菜单状态', 'sys_show_hide', '0', 'admin', '2018-03-16 11:33:00', 'ry', '2018-03-16 11:33:00', '菜单状态列表');
INSERT INTO `sys_dict_type` VALUES (3, '系统开关', 'sys_normal_disable', '0', 'admin', '2018-03-16 11:33:00', 'ry', '2018-03-16 11:33:00', '系统开关列表');
INSERT INTO `sys_dict_type` VALUES (4, '任务状态', 'sys_job_status', '0', 'admin', '2018-03-16 11:33:00', 'ry', '2018-03-16 11:33:00', '任务状态列表');
INSERT INTO `sys_dict_type` VALUES (5, '任务分组', 'sys_job_group', '0', 'admin', '2018-03-16 11:33:00', 'ry', '2018-03-16 11:33:00', '任务分组列表');
INSERT INTO `sys_dict_type` VALUES (6, '系统是否', 'sys_yes_no', '0', 'admin', '2018-03-16 11:33:00', 'ry', '2018-03-16 11:33:00', '系统是否列表');
INSERT INTO `sys_dict_type` VALUES (7, '通知类型', 'sys_notice_type', '0', 'admin', '2018-03-16 11:33:00', 'ry', '2018-03-16 11:33:00', '通知类型列表');
INSERT INTO `sys_dict_type` VALUES (8, '通知状态', 'sys_notice_status', '0', 'admin', '2018-03-16 11:33:00', 'ry', '2018-03-16 11:33:00', '通知状态列表');
INSERT INTO `sys_dict_type` VALUES (9, '操作类型', 'sys_oper_type', '0', 'admin', '2018-03-16 11:33:00', 'ry', '2018-03-16 11:33:00', '操作类型列表');
INSERT INTO `sys_dict_type` VALUES (10, '系统状态', 'sys_common_status', '0', 'admin', '2018-03-16 11:33:00', 'ry', '2018-03-16 11:33:00', '登录状态列表');

-- ----------------------------
-- Table structure for sys_logininfor
-- ----------------------------
DROP TABLE IF EXISTS `sys_logininfor`;
CREATE TABLE `sys_logininfor`  (
  `info_id` bigint(20) NOT NULL AUTO_INCREMENT COMMENT '访问ID',
  `login_name` varchar(50) CHARACTER SET utf8 COLLATE utf8_unicode_ci NULL DEFAULT '' COMMENT '登录账号',
  `ipaddr` varchar(50) CHARACTER SET utf8 COLLATE utf8_unicode_ci NULL DEFAULT '' COMMENT '登录IP地址',
  `login_location` varchar(255) CHARACTER SET utf8 COLLATE utf8_unicode_ci NULL DEFAULT '' COMMENT '登录地点',
  `browser` varchar(50) CHARACTER SET utf8 COLLATE utf8_unicode_ci NULL DEFAULT '' COMMENT '浏览器类型',
  `os` varchar(50) CHARACTER SET utf8 COLLATE utf8_unicode_ci NULL DEFAULT '' COMMENT '操作系统',
  `status` char(1) CHARACTER SET utf8 COLLATE utf8_unicode_ci NULL DEFAULT '0' COMMENT '登录状态（0成功 1失败）',
  `msg` varchar(255) CHARACTER SET utf8 COLLATE utf8_unicode_ci NULL DEFAULT '' COMMENT '提示消息',
  `login_time` datetime(0) NULL DEFAULT NULL COMMENT '访问时间',
  PRIMARY KEY (`info_id`) USING BTREE
) ENGINE = InnoDB AUTO_INCREMENT = 2832 CHARACTER SET = utf8 COLLATE = utf8_unicode_ci COMMENT = '系统访问记录' ROW_FORMAT = Compact;

-- ----------------------------
-- Records of sys_logininfor
-- ----------------------------
INSERT INTO `sys_logininfor` VALUES (2783, 'admin123', '61.190.70.103', 'XX XX', 'Firefox 8', 'Windows 10', '1', '验证码错误', '2020-11-02 08:29:54');
INSERT INTO `sys_logininfor` VALUES (2784, 'admin123', '61.190.70.103', 'XX XX', 'Firefox 8', 'Windows 10', '1', '验证码错误', '2020-11-02 08:30:51');
INSERT INTO `sys_logininfor` VALUES (2785, 'admin123', '61.190.70.103', 'XX XX', 'Firefox 8', 'Windows 10', '1', '验证码错误', '2020-11-02 08:31:00');
INSERT INTO `sys_logininfor` VALUES (2786, 'admin', '127.0.0.1', '内网IP', 'Chrome 8', 'Windows 10', '0', '登录成功', '2020-11-03 02:51:11');
INSERT INTO `sys_logininfor` VALUES (2787, 'admin', '127.0.0.1', '内网IP', 'Chrome 8', 'Windows 10', '0', '登录成功', '2020-11-09 02:27:33');
INSERT INTO `sys_logininfor` VALUES (2788, 'admin', '117.136.117.100', 'XX XX', 'Chrome 8', 'Windows 10', '0', '登录成功', '2020-11-09 07:58:55');
INSERT INTO `sys_logininfor` VALUES (2789, 'admin', '211.72.213.251', 'XX XX', 'Chrome 8', 'Windows 10', '1', '验证码错误', '2020-11-09 17:10:03');
INSERT INTO `sys_logininfor` VALUES (2790, 'admin', '211.72.213.251', 'XX XX', 'Chrome 8', 'Windows 10', '1', '验证码错误', '2020-11-09 17:10:03');
INSERT INTO `sys_logininfor` VALUES (2791, 'admin', '211.72.213.251', 'XX XX', 'Chrome 8', 'Windows 10', '1', '验证码错误', '2020-11-10 03:46:35');
INSERT INTO `sys_logininfor` VALUES (2792, 'admin', '211.72.213.251', 'XX XX', 'Chrome 8', 'Windows 10', '1', '验证码错误', '2020-11-10 03:46:35');
INSERT INTO `sys_logininfor` VALUES (2793, 'admin', '211.72.213.251', 'XX XX', 'Chrome 8', 'Windows 10', '1', '验证码错误', '2020-11-10 04:09:39');
INSERT INTO `sys_logininfor` VALUES (2794, 'admin', '211.72.213.251', 'XX XX', 'Chrome 8', 'Windows 10', '1', '验证码错误', '2020-11-10 04:12:28');
INSERT INTO `sys_logininfor` VALUES (2795, 'admin', '211.72.213.251', 'XX XX', 'Chrome 8', 'Windows 10', '1', '验证码错误', '2020-11-10 04:18:22');
INSERT INTO `sys_logininfor` VALUES (2796, 'admin', '211.72.213.251', 'XX XX', 'Chrome 8', 'Windows 10', '1', '验证码错误', '2020-11-10 04:34:53');
INSERT INTO `sys_logininfor` VALUES (2797, 'admin', '211.72.213.251', 'XX XX', 'Chrome 8', 'Windows 10', '1', '验证码错误', '2020-11-10 04:58:16');
INSERT INTO `sys_logininfor` VALUES (2798, 'admin', '211.72.213.251', 'XX XX', 'Chrome 8', 'Windows 10', '1', '验证码错误', '2020-11-10 06:09:59');
INSERT INTO `sys_logininfor` VALUES (2799, 'admin', '117.136.101.92', 'XX XX', 'Chrome 8', 'Windows 10', '0', '登录成功', '2020-11-10 08:57:40');
INSERT INTO `sys_logininfor` VALUES (2800, 'admin', '211.72.213.251', 'XX XX', 'Chrome 8', 'Windows 10', '1', '验证码错误', '2020-11-10 10:26:05');
INSERT INTO `sys_logininfor` VALUES (2801, 'admin', '211.72.213.251', 'XX XX', 'Chrome 8', 'Windows 10', '1', '验证码错误', '2020-11-10 12:24:35');
INSERT INTO `sys_logininfor` VALUES (2802, 'admin', '211.72.213.251', 'XX XX', 'Chrome 8', 'Windows 10', '1', '验证码错误', '2020-11-10 13:31:01');
INSERT INTO `sys_logininfor` VALUES (2803, 'administrator', '211.72.213.251', 'XX XX', 'Chrome 8', 'Windows 10', '1', '验证码错误', '2020-11-10 15:26:15');
INSERT INTO `sys_logininfor` VALUES (2804, 'admin', '211.72.213.251', 'XX XX', 'Chrome 8', 'Windows 10', '1', '验证码错误', '2020-11-10 15:26:21');
INSERT INTO `sys_logininfor` VALUES (2805, 'root', '211.72.213.251', 'XX XX', 'Chrome 8', 'Windows 10', '1', '验证码错误', '2020-11-10 15:26:38');
INSERT INTO `sys_logininfor` VALUES (2806, 'root123', '211.72.213.251', 'XX XX', 'Chrome 8', 'Windows 10', '1', '验证码错误', '2020-11-10 15:26:41');
INSERT INTO `sys_logininfor` VALUES (2807, 'system', '211.72.213.251', 'XX XX', 'Chrome 8', 'Windows 10', '1', '验证码错误', '2020-11-10 15:26:44');
INSERT INTO `sys_logininfor` VALUES (2808, 'admin', '112.64.6.102', 'XX XX', 'Chrome 8', 'Windows 10', '0', '登录成功', '2020-11-25 05:25:28');
INSERT INTO `sys_logininfor` VALUES (2809, 'admin', '112.64.6.102', 'XX XX', 'Chrome 8', 'Windows 10', '0', '登录成功', '2020-12-08 05:18:32');
INSERT INTO `sys_logininfor` VALUES (2810, 'admin', '112.64.6.102', 'XX XX', 'Chrome 8', 'Windows 10', '0', '退出成功', '2020-12-08 05:19:09');
INSERT INTO `sys_logininfor` VALUES (2811, 'admin', '112.64.6.102', 'XX XX', 'Chrome 8', 'Windows 10', '0', '登录成功', '2020-12-08 05:19:11');
INSERT INTO `sys_logininfor` VALUES (2812, 'admin', '127.0.0.1', '内网IP', 'Chrome 8', 'Windows 10', '0', '登录成功', '2020-12-09 02:46:18');
INSERT INTO `sys_logininfor` VALUES (2813, 'admin', '127.0.0.1', '内网IP', 'Chrome 8', 'Windows 10', '0', '退出成功', '2020-12-09 08:27:24');
INSERT INTO `sys_logininfor` VALUES (2814, 'admin', '127.0.0.1', '内网IP', 'Chrome 8', 'Windows 10', '0', '登录成功', '2020-12-09 08:27:28');
INSERT INTO `sys_logininfor` VALUES (2815, 'admin', '127.0.0.1', '内网IP', 'Chrome 8', 'Windows 10', '0', '退出成功', '2020-12-09 08:31:50');
INSERT INTO `sys_logininfor` VALUES (2816, 'admin', '127.0.0.1', '内网IP', 'Chrome 8', 'Windows 10', '0', '登录成功', '2020-12-09 08:31:56');
INSERT INTO `sys_logininfor` VALUES (2817, 'admin', '127.0.0.1', '内网IP', 'Chrome 8', 'Windows 10', '0', '退出成功', '2020-12-09 08:33:51');
INSERT INTO `sys_logininfor` VALUES (2818, 'ry', '127.0.0.1', '内网IP', 'Chrome 8', 'Windows 10', '1', '密码输入错误1次', '2020-12-09 08:33:56');
INSERT INTO `sys_logininfor` VALUES (2819, 'ry', '127.0.0.1', '内网IP', 'Chrome 8', 'Windows 10', '1', '密码输入错误2次', '2020-12-09 08:34:03');
INSERT INTO `sys_logininfor` VALUES (2820, 'ry', '127.0.0.1', '内网IP', 'Chrome 8', 'Windows 10', '1', '密码输入错误3次', '2020-12-09 08:34:37');
INSERT INTO `sys_logininfor` VALUES (2821, 'ry', '127.0.0.1', '内网IP', 'Chrome 8', 'Windows 10', '0', '登录成功', '2020-12-09 08:34:56');
INSERT INTO `sys_logininfor` VALUES (2822, 'ry', '127.0.0.1', '内网IP', 'Chrome 8', 'Windows 10', '0', '退出成功', '2020-12-09 08:35:41');
INSERT INTO `sys_logininfor` VALUES (2823, 'admin', '127.0.0.1', '内网IP', 'Chrome 8', 'Windows 10', '1', '验证码错误', '2020-12-09 08:35:44');
INSERT INTO `sys_logininfor` VALUES (2824, 'admin', '127.0.0.1', '内网IP', 'Chrome 8', 'Windows 10', '0', '登录成功', '2020-12-09 08:35:46');
INSERT INTO `sys_logininfor` VALUES (2825, 'admin', '127.0.0.1', '内网IP', 'Chrome 8', 'Windows 10', '0', '退出成功', '2020-12-09 08:40:10');
INSERT INTO `sys_logininfor` VALUES (2826, 'admin', '127.0.0.1', '内网IP', 'Chrome 8', 'Windows 10', '0', '登录成功', '2020-12-09 08:40:14');
INSERT INTO `sys_logininfor` VALUES (2827, 'admin', '127.0.0.1', '内网IP', 'Chrome 8', 'Windows 10', '0', '退出成功', '2020-12-09 08:40:18');
INSERT INTO `sys_logininfor` VALUES (2828, 'ry', '127.0.0.1', '内网IP', 'Chrome 8', 'Windows 10', '1', '验证码错误', '2020-12-09 08:40:21');
INSERT INTO `sys_logininfor` VALUES (2829, 'ry', '127.0.0.1', '内网IP', 'Chrome 8', 'Windows 10', '0', '登录成功', '2020-12-09 08:40:23');
INSERT INTO `sys_logininfor` VALUES (2830, 'ry', '127.0.0.1', '内网IP', 'Chrome 8', 'Windows 10', '0', '退出成功', '2020-12-09 08:41:05');
INSERT INTO `sys_logininfor` VALUES (2831, 'admin', '127.0.0.1', '内网IP', 'Chrome 8', 'Windows 10', '0', '登录成功', '2020-12-09 08:41:10');

-- ----------------------------
-- Table structure for sys_menu
-- ----------------------------
DROP TABLE IF EXISTS `sys_menu`;
CREATE TABLE `sys_menu`  (
  `menu_id` bigint(20) NOT NULL AUTO_INCREMENT COMMENT '菜单ID',
  `menu_name` varchar(50) CHARACTER SET utf8 COLLATE utf8_unicode_ci NOT NULL COMMENT '菜单名称',
  `parent_id` bigint(20) NULL DEFAULT 0 COMMENT '父菜单ID',
  `order_num` int(4) NULL DEFAULT 0 COMMENT '显示顺序',
  `url` varchar(200) CHARACTER SET utf8 COLLATE utf8_unicode_ci NULL DEFAULT '#' COMMENT '请求地址',
  `target` varchar(20) CHARACTER SET utf8 COLLATE utf8_unicode_ci NULL DEFAULT '' COMMENT '打开方式（menuItem页签 menuBlank新窗口）',
  `menu_type` char(1) CHARACTER SET utf8 COLLATE utf8_unicode_ci NULL DEFAULT '' COMMENT '菜单类型（M目录 C菜单 F按钮）',
  `visible` char(1) CHARACTER SET utf8 COLLATE utf8_unicode_ci NULL DEFAULT '0' COMMENT '菜单状态（0显示 1隐藏）',
  `perms` varchar(100) CHARACTER SET utf8 COLLATE utf8_unicode_ci NULL DEFAULT NULL COMMENT '权限标识',
  `icon` varchar(100) CHARACTER SET utf8 COLLATE utf8_unicode_ci NULL DEFAULT '#' COMMENT '菜单图标',
  `create_by` varchar(64) CHARACTER SET utf8 COLLATE utf8_unicode_ci NULL DEFAULT '' COMMENT '创建者',
  `create_time` datetime(0) NULL DEFAULT NULL COMMENT '创建时间',
  `update_by` varchar(64) CHARACTER SET utf8 COLLATE utf8_unicode_ci NULL DEFAULT '' COMMENT '更新者',
  `update_time` datetime(0) NULL DEFAULT NULL COMMENT '更新时间',
  `remark` varchar(500) CHARACTER SET utf8 COLLATE utf8_unicode_ci NULL DEFAULT '' COMMENT '备注',
  PRIMARY KEY (`menu_id`) USING BTREE
) ENGINE = InnoDB AUTO_INCREMENT = 2003 CHARACTER SET = utf8 COLLATE = utf8_unicode_ci COMMENT = '菜单权限表' ROW_FORMAT = Compact;

-- ----------------------------
-- Records of sys_menu
-- ----------------------------
INSERT INTO `sys_menu` VALUES (1, '系统管理', 0, 2, '#', 'menuItem', 'M', '0', '', 'fa fa-gear', 'admin', '2018-03-16 11:33:00', 'admin', '2020-08-19 13:48:36', '系统管理目录');
INSERT INTO `sys_menu` VALUES (2, '系统监控', 0, 3, '#', 'menuItem', 'M', '0', '', 'fa fa-video-camera', 'admin', '2018-03-16 11:33:00', 'admin', '2020-08-19 13:48:41', '系统监控目录');
INSERT INTO `sys_menu` VALUES (3, '系统工具', 0, 4, '#', 'menuItem', 'M', '0', '', 'fa fa-bars', 'admin', '2018-03-16 11:33:00', 'admin', '2020-08-19 13:48:48', '系统工具目录');
INSERT INTO `sys_menu` VALUES (4, '若依官网', 0, 4, 'http://ruoyi.vip', 'menuBlank', 'C', '1', '', 'fa fa-location-arrow', 'admin', '2018-03-16 11:33:00', 'admin', '2020-08-19 13:49:03', '若依官网地址');
INSERT INTO `sys_menu` VALUES (100, '用户管理', 1, 1, '/system/user', '', 'C', '0', 'system:user:view', '#', 'admin', '2018-03-16 11:33:00', 'ry', '2018-03-16 11:33:00', '用户管理菜单');
INSERT INTO `sys_menu` VALUES (101, '角色管理', 1, 2, '/system/role', '', 'C', '0', 'system:role:view', '#', 'admin', '2018-03-16 11:33:00', 'ry', '2018-03-16 11:33:00', '角色管理菜单');
INSERT INTO `sys_menu` VALUES (102, '菜单管理', 1, 3, '/system/menu', '', 'C', '0', 'system:menu:view', '#', 'admin', '2018-03-16 11:33:00', 'ry', '2018-03-16 11:33:00', '菜单管理菜单');
INSERT INTO `sys_menu` VALUES (103, '部门管理', 1, 4, '/system/dept', '', 'C', '0', 'system:dept:view', '#', 'admin', '2018-03-16 11:33:00', 'ry', '2018-03-16 11:33:00', '部门管理菜单');
INSERT INTO `sys_menu` VALUES (104, '岗位管理', 1, 5, '/system/post', '', 'C', '0', 'system:post:view', '#', 'admin', '2018-03-16 11:33:00', 'ry', '2018-03-16 11:33:00', '岗位管理菜单');
INSERT INTO `sys_menu` VALUES (105, '字典管理', 1, 6, '/system/dict', '', 'C', '0', 'system:dict:view', '#', 'admin', '2018-03-16 11:33:00', 'ry', '2018-03-16 11:33:00', '字典管理菜单');
INSERT INTO `sys_menu` VALUES (106, '参数设置', 1, 7, '/system/config', '', 'C', '0', 'system:config:view', '#', 'admin', '2018-03-16 11:33:00', 'ry', '2018-03-16 11:33:00', '参数设置菜单');
INSERT INTO `sys_menu` VALUES (107, '通知公告', 1, 8, '/system/notice', '', 'C', '0', 'system:notice:view', '#', 'admin', '2018-03-16 11:33:00', 'ry', '2018-03-16 11:33:00', '通知公告菜单');
INSERT INTO `sys_menu` VALUES (108, '日志管理', 1, 9, '#', '', 'M', '0', '', '#', 'admin', '2018-03-16 11:33:00', 'ry', '2018-03-16 11:33:00', '日志管理菜单');
INSERT INTO `sys_menu` VALUES (109, '在线用户', 2, 1, '/monitor/online', '', 'C', '0', 'monitor:online:view', '#', 'admin', '2018-03-16 11:33:00', 'ry', '2018-03-16 11:33:00', '在线用户菜单');
INSERT INTO `sys_menu` VALUES (112, '服务监控', 2, 3, '/monitor/server', '', 'C', '0', 'monitor:server:view', '#', 'admin', '2018-03-16 11:33:00', 'ry', '2018-03-16 11:33:00', '服务监控菜单');
INSERT INTO `sys_menu` VALUES (113, '表单构建', 3, 1, '/tool/build', '', 'C', '0', 'tool:build:view', '#', 'admin', '2018-03-16 11:33:00', 'ry', '2018-03-16 11:33:00', '表单构建菜单');
INSERT INTO `sys_menu` VALUES (114, '代码生成', 3, 2, '/tool/gen', '', 'C', '0', 'tool:gen:view', '#', 'admin', '2018-03-16 11:33:00', 'ry', '2018-03-16 11:33:00', '代码生成菜单');
INSERT INTO `sys_menu` VALUES (115, '系统接口', 3, 3, '/tool/swagger', '', 'C', '0', 'tool:swagger:view', '#', 'admin', '2018-03-16 11:33:00', 'ry', '2018-03-16 11:33:00', '系统接口菜单');
INSERT INTO `sys_menu` VALUES (500, '操作日志', 108, 1, '/monitor/operlog', '', 'C', '0', 'monitor:operlog:view', '#', 'admin', '2018-03-16 11:33:00', 'ry', '2018-03-16 11:33:00', '操作日志菜单');
INSERT INTO `sys_menu` VALUES (501, '登录日志', 108, 2, '/monitor/logininfor', '', 'C', '0', 'monitor:logininfor:view', '#', 'admin', '2018-03-16 11:33:00', 'ry', '2018-03-16 11:33:00', '登录日志菜单');
INSERT INTO `sys_menu` VALUES (1000, '用户查询', 100, 1, '#', '', 'F', '0', 'system:user:list', '#', 'admin', '2018-03-16 11:33:00', 'ry', '2018-03-16 11:33:00', '');
INSERT INTO `sys_menu` VALUES (1001, '用户新增', 100, 2, '#', '', 'F', '0', 'system:user:add', '#', 'admin', '2018-03-16 11:33:00', 'ry', '2018-03-16 11:33:00', '');
INSERT INTO `sys_menu` VALUES (1002, '用户修改', 100, 3, '#', '', 'F', '0', 'system:user:edit', '#', 'admin', '2018-03-16 11:33:00', 'ry', '2018-03-16 11:33:00', '');
INSERT INTO `sys_menu` VALUES (1003, '用户删除', 100, 4, '#', '', 'F', '0', 'system:user:remove', '#', 'admin', '2018-03-16 11:33:00', 'ry', '2018-03-16 11:33:00', '');
INSERT INTO `sys_menu` VALUES (1004, '用户导出', 100, 5, '#', '', 'F', '0', 'system:user:export', '#', 'admin', '2018-03-16 11:33:00', 'ry', '2018-03-16 11:33:00', '');
INSERT INTO `sys_menu` VALUES (1005, '用户导入', 100, 6, '#', '', 'F', '0', 'system:user:import', '#', 'admin', '2018-03-16 11:33:00', 'ry', '2018-03-16 11:33:00', '');
INSERT INTO `sys_menu` VALUES (1006, '重置密码', 100, 7, '#', '', 'F', '0', 'system:user:resetPwd', '#', 'admin', '2018-03-16 11:33:00', 'ry', '2018-03-16 11:33:00', '');
INSERT INTO `sys_menu` VALUES (1007, '角色查询', 101, 1, '#', '', 'F', '0', 'system:role:list', '#', 'admin', '2018-03-16 11:33:00', 'ry', '2018-03-16 11:33:00', '');
INSERT INTO `sys_menu` VALUES (1008, '角色新增', 101, 2, '#', '', 'F', '0', 'system:role:add', '#', 'admin', '2018-03-16 11:33:00', 'ry', '2018-03-16 11:33:00', '');
INSERT INTO `sys_menu` VALUES (1009, '角色修改', 101, 3, '#', '', 'F', '0', 'system:role:edit', '#', 'admin', '2018-03-16 11:33:00', 'ry', '2018-03-16 11:33:00', '');
INSERT INTO `sys_menu` VALUES (1010, '角色删除', 101, 4, '#', '', 'F', '0', 'system:role:remove', '#', 'admin', '2018-03-16 11:33:00', 'ry', '2018-03-16 11:33:00', '');
INSERT INTO `sys_menu` VALUES (1011, '角色导出', 101, 5, '#', '', 'F', '0', 'system:role:export', '#', 'admin', '2018-03-16 11:33:00', 'ry', '2018-03-16 11:33:00', '');
INSERT INTO `sys_menu` VALUES (1012, '菜单查询', 102, 1, '#', '', 'F', '0', 'system:menu:list', '#', 'admin', '2018-03-16 11:33:00', 'ry', '2018-03-16 11:33:00', '');
INSERT INTO `sys_menu` VALUES (1013, '菜单新增', 102, 2, '#', '', 'F', '0', 'system:menu:add', '#', 'admin', '2018-03-16 11:33:00', 'ry', '2018-03-16 11:33:00', '');
INSERT INTO `sys_menu` VALUES (1014, '菜单修改', 102, 3, '#', '', 'F', '0', 'system:menu:edit', '#', 'admin', '2018-03-16 11:33:00', 'ry', '2018-03-16 11:33:00', '');
INSERT INTO `sys_menu` VALUES (1015, '菜单删除', 102, 4, '#', '', 'F', '0', 'system:menu:remove', '#', 'admin', '2018-03-16 11:33:00', 'ry', '2018-03-16 11:33:00', '');
INSERT INTO `sys_menu` VALUES (1016, '部门查询', 103, 1, '#', '', 'F', '0', 'system:dept:list', '#', 'admin', '2018-03-16 11:33:00', 'ry', '2018-03-16 11:33:00', '');
INSERT INTO `sys_menu` VALUES (1017, '部门新增', 103, 2, '#', '', 'F', '0', 'system:dept:add', '#', 'admin', '2018-03-16 11:33:00', 'ry', '2018-03-16 11:33:00', '');
INSERT INTO `sys_menu` VALUES (1018, '部门修改', 103, 3, '#', '', 'F', '0', 'system:dept:edit', '#', 'admin', '2018-03-16 11:33:00', 'ry', '2018-03-16 11:33:00', '');
INSERT INTO `sys_menu` VALUES (1019, '部门删除', 103, 4, '#', '', 'F', '0', 'system:dept:remove', '#', 'admin', '2018-03-16 11:33:00', 'ry', '2018-03-16 11:33:00', '');
INSERT INTO `sys_menu` VALUES (1020, '岗位查询', 104, 1, '#', '', 'F', '0', 'system:post:list', '#', 'admin', '2018-03-16 11:33:00', 'ry', '2018-03-16 11:33:00', '');
INSERT INTO `sys_menu` VALUES (1021, '岗位新增', 104, 2, '#', '', 'F', '0', 'system:post:add', '#', 'admin', '2018-03-16 11:33:00', 'ry', '2018-03-16 11:33:00', '');
INSERT INTO `sys_menu` VALUES (1022, '岗位修改', 104, 3, '#', '', 'F', '0', 'system:post:edit', '#', 'admin', '2018-03-16 11:33:00', 'ry', '2018-03-16 11:33:00', '');
INSERT INTO `sys_menu` VALUES (1023, '岗位删除', 104, 4, '#', '', 'F', '0', 'system:post:remove', '#', 'admin', '2018-03-16 11:33:00', 'ry', '2018-03-16 11:33:00', '');
INSERT INTO `sys_menu` VALUES (1024, '岗位导出', 104, 5, '#', '', 'F', '0', 'system:post:export', '#', 'admin', '2018-03-16 11:33:00', 'ry', '2018-03-16 11:33:00', '');
INSERT INTO `sys_menu` VALUES (1025, '字典查询', 105, 1, '#', '', 'F', '0', 'system:dict:list', '#', 'admin', '2018-03-16 11:33:00', 'ry', '2018-03-16 11:33:00', '');
INSERT INTO `sys_menu` VALUES (1026, '字典新增', 105, 2, '#', '', 'F', '0', 'system:dict:add', '#', 'admin', '2018-03-16 11:33:00', 'ry', '2018-03-16 11:33:00', '');
INSERT INTO `sys_menu` VALUES (1027, '字典修改', 105, 3, '#', '', 'F', '0', 'system:dict:edit', '#', 'admin', '2018-03-16 11:33:00', 'ry', '2018-03-16 11:33:00', '');
INSERT INTO `sys_menu` VALUES (1028, '字典删除', 105, 4, '#', '', 'F', '0', 'system:dict:remove', '#', 'admin', '2018-03-16 11:33:00', 'ry', '2018-03-16 11:33:00', '');
INSERT INTO `sys_menu` VALUES (1029, '字典导出', 105, 5, '#', '', 'F', '0', 'system:dict:export', '#', 'admin', '2018-03-16 11:33:00', 'ry', '2018-03-16 11:33:00', '');
INSERT INTO `sys_menu` VALUES (1030, '参数查询', 106, 1, '#', '', 'F', '0', 'system:config:list', '#', 'admin', '2018-03-16 11:33:00', 'ry', '2018-03-16 11:33:00', '');
INSERT INTO `sys_menu` VALUES (1031, '参数新增', 106, 2, '#', '', 'F', '0', 'system:config:add', '#', 'admin', '2018-03-16 11:33:00', 'ry', '2018-03-16 11:33:00', '');
INSERT INTO `sys_menu` VALUES (1032, '参数修改', 106, 3, '#', '', 'F', '0', 'system:config:edit', '#', 'admin', '2018-03-16 11:33:00', 'ry', '2018-03-16 11:33:00', '');
INSERT INTO `sys_menu` VALUES (1033, '参数删除', 106, 4, '#', '', 'F', '0', 'system:config:remove', '#', 'admin', '2018-03-16 11:33:00', 'ry', '2018-03-16 11:33:00', '');
INSERT INTO `sys_menu` VALUES (1034, '参数导出', 106, 5, '#', '', 'F', '0', 'system:config:export', '#', 'admin', '2018-03-16 11:33:00', 'ry', '2018-03-16 11:33:00', '');
INSERT INTO `sys_menu` VALUES (1035, '公告查询', 107, 1, '#', '', 'F', '0', 'system:notice:list', '#', 'admin', '2018-03-16 11:33:00', 'ry', '2018-03-16 11:33:00', '');
INSERT INTO `sys_menu` VALUES (1036, '公告新增', 107, 2, '#', '', 'F', '0', 'system:notice:add', '#', 'admin', '2018-03-16 11:33:00', 'ry', '2018-03-16 11:33:00', '');
INSERT INTO `sys_menu` VALUES (1037, '公告修改', 107, 3, '#', '', 'F', '0', 'system:notice:edit', '#', 'admin', '2018-03-16 11:33:00', 'ry', '2018-03-16 11:33:00', '');
INSERT INTO `sys_menu` VALUES (1038, '公告删除', 107, 4, '#', '', 'F', '0', 'system:notice:remove', '#', 'admin', '2018-03-16 11:33:00', 'ry', '2018-03-16 11:33:00', '');
INSERT INTO `sys_menu` VALUES (1039, '操作查询', 500, 1, '#', '', 'F', '0', 'monitor:operlog:list', '#', 'admin', '2018-03-16 11:33:00', 'ry', '2018-03-16 11:33:00', '');
INSERT INTO `sys_menu` VALUES (1040, '操作删除', 500, 2, '#', '', 'F', '0', 'monitor:operlog:remove', '#', 'admin', '2018-03-16 11:33:00', 'ry', '2018-03-16 11:33:00', '');
INSERT INTO `sys_menu` VALUES (1041, '详细信息', 500, 3, '#', '', 'F', '0', 'monitor:operlog:detail', '#', 'admin', '2018-03-16 11:33:00', 'ry', '2018-03-16 11:33:00', '');
INSERT INTO `sys_menu` VALUES (1042, '日志导出', 500, 4, '#', '', 'F', '0', 'monitor:operlog:export', '#', 'admin', '2018-03-16 11:33:00', 'ry', '2018-03-16 11:33:00', '');
INSERT INTO `sys_menu` VALUES (1043, '登录查询', 501, 1, '#', '', 'F', '0', 'monitor:logininfor:list', '#', 'admin', '2018-03-16 11:33:00', 'ry', '2018-03-16 11:33:00', '');
INSERT INTO `sys_menu` VALUES (1044, '登录删除', 501, 2, '#', '', 'F', '0', 'monitor:logininfor:remove', '#', 'admin', '2018-03-16 11:33:00', 'ry', '2018-03-16 11:33:00', '');
INSERT INTO `sys_menu` VALUES (1045, '日志导出', 501, 3, '#', '', 'F', '0', 'monitor:logininfor:export', '#', 'admin', '2018-03-16 11:33:00', 'ry', '2018-03-16 11:33:00', '');
INSERT INTO `sys_menu` VALUES (1046, '账户解锁', 501, 4, '#', '', 'F', '0', 'monitor:logininfor:unlock', '#', 'admin', '2018-03-16 11:33:00', 'ry', '2018-03-16 11:33:00', '');
INSERT INTO `sys_menu` VALUES (1047, '在线查询', 109, 1, '#', '', 'F', '0', 'monitor:online:list', '#', 'admin', '2018-03-16 11:33:00', 'ry', '2018-03-16 11:33:00', '');
INSERT INTO `sys_menu` VALUES (1048, '批量强退', 109, 2, '#', '', 'F', '0', 'monitor:online:batchForceLogout', '#', 'admin', '2018-03-16 11:33:00', 'ry', '2018-03-16 11:33:00', '');
INSERT INTO `sys_menu` VALUES (1049, '单条强退', 109, 3, '#', '', 'F', '0', 'monitor:online:forceLogout', '#', 'admin', '2018-03-16 11:33:00', 'ry', '2018-03-16 11:33:00', '');
INSERT INTO `sys_menu` VALUES (1057, '生成查询', 114, 1, '#', '', 'F', '0', 'tool:gen:list', '#', 'admin', '2018-03-16 11:33:00', 'ry', '2018-03-16 11:33:00', '');
INSERT INTO `sys_menu` VALUES (1058, '生成修改', 114, 2, '#', '', 'F', '0', 'tool:gen:edit', '#', 'admin', '2018-03-16 11:33:00', 'ry', '2018-03-16 11:33:00', '');
INSERT INTO `sys_menu` VALUES (1059, '生成删除', 114, 3, '#', '', 'F', '0', 'tool:gen:remove', '#', 'admin', '2018-03-16 11:33:00', 'ry', '2018-03-16 11:33:00', '');
INSERT INTO `sys_menu` VALUES (1060, '预览代码', 114, 4, '#', '', 'F', '0', 'tool:gen:preview', '#', 'admin', '2018-03-16 11:33:00', 'ry', '2018-03-16 11:33:00', '');
INSERT INTO `sys_menu` VALUES (1061, '生成代码', 114, 5, '#', '', 'F', '0', 'tool:gen:code', '#', 'admin', '2018-03-16 11:33:00', 'ry', '2018-03-16 11:33:00', '');
INSERT INTO `sys_menu` VALUES (2000, '教务管理', 0, 1, '#', 'menuItem', 'C', '0', NULL, 'fa fa-address-card', 'admin', '2020-08-12 09:52:17', '', NULL, '');
INSERT INTO `sys_menu` VALUES (2001, '学生管理', 2000, 1, 'system/zstudent', 'menuItem', 'C', '0', 'system:zstudent:view', '#', 'admin', '2020-08-12 09:53:26', 'admin', '2020-08-12 09:54:46', '');

-- ----------------------------
-- Table structure for sys_notice
-- ----------------------------
DROP TABLE IF EXISTS `sys_notice`;
CREATE TABLE `sys_notice`  (
  `notice_id` int(4) NOT NULL AUTO_INCREMENT COMMENT '公告ID',
  `notice_title` varchar(50) CHARACTER SET utf8 COLLATE utf8_unicode_ci NOT NULL COMMENT '公告标题',
  `notice_type` char(1) CHARACTER SET utf8 COLLATE utf8_unicode_ci NOT NULL COMMENT '公告类型（1通知 2公告）',
  `notice_content` varchar(2000) CHARACTER SET utf8 COLLATE utf8_unicode_ci NULL DEFAULT NULL COMMENT '公告内容',
  `status` char(1) CHARACTER SET utf8 COLLATE utf8_unicode_ci NULL DEFAULT '0' COMMENT '公告状态（0正常 1关闭）',
  `create_by` varchar(64) CHARACTER SET utf8 COLLATE utf8_unicode_ci NULL DEFAULT '' COMMENT '创建者',
  `create_time` datetime(0) NULL DEFAULT NULL COMMENT '创建时间',
  `update_by` varchar(64) CHARACTER SET utf8 COLLATE utf8_unicode_ci NULL DEFAULT '' COMMENT '更新者',
  `update_time` datetime(0) NULL DEFAULT NULL COMMENT '更新时间',
  `remark` varchar(255) CHARACTER SET utf8 COLLATE utf8_unicode_ci NULL DEFAULT NULL COMMENT '备注',
  PRIMARY KEY (`notice_id`) USING BTREE
) ENGINE = InnoDB AUTO_INCREMENT = 3 CHARACTER SET = utf8 COLLATE = utf8_unicode_ci COMMENT = '通知公告表' ROW_FORMAT = Compact;

-- ----------------------------
-- Records of sys_notice
-- ----------------------------
INSERT INTO `sys_notice` VALUES (1, '温馨提醒：2018-07-01 若依新版本发布啦', '2', '新版本内容', '0', 'admin', '2018-03-16 11:33:00', 'ry', '2018-03-16 11:33:00', '管理员');
INSERT INTO `sys_notice` VALUES (2, '维护通知：2018-07-01 若依系统凌晨维护', '1', '维护内容', '0', 'admin', '2018-03-16 11:33:00', 'ry', '2018-03-16 11:33:00', '管理员');

-- ----------------------------
-- Table structure for sys_oper_log
-- ----------------------------
DROP TABLE IF EXISTS `sys_oper_log`;
CREATE TABLE `sys_oper_log`  (
  `oper_id` bigint(20) NOT NULL AUTO_INCREMENT COMMENT '日志主键',
  `title` varchar(50) CHARACTER SET utf8 COLLATE utf8_unicode_ci NULL DEFAULT '' COMMENT '模块标题',
  `business_type` int(2) NULL DEFAULT 0 COMMENT '业务类型（0其它 1新增 2修改 3删除）',
  `method` varchar(100) CHARACTER SET utf8 COLLATE utf8_unicode_ci NULL DEFAULT '' COMMENT '方法名称',
  `request_method` varchar(10) CHARACTER SET utf8 COLLATE utf8_unicode_ci NULL DEFAULT '' COMMENT '请求方式',
  `operator_type` int(1) NULL DEFAULT 0 COMMENT '操作类别（0其它 1后台用户 2手机端用户）',
  `oper_name` varchar(50) CHARACTER SET utf8 COLLATE utf8_unicode_ci NULL DEFAULT '' COMMENT '操作人员',
  `dept_name` varchar(50) CHARACTER SET utf8 COLLATE utf8_unicode_ci NULL DEFAULT '' COMMENT '部门名称',
  `oper_url` varchar(255) CHARACTER SET utf8 COLLATE utf8_unicode_ci NULL DEFAULT '' COMMENT '请求URL',
  `oper_ip` varchar(50) CHARACTER SET utf8 COLLATE utf8_unicode_ci NULL DEFAULT '' COMMENT '主机地址',
  `oper_location` varchar(255) CHARACTER SET utf8 COLLATE utf8_unicode_ci NULL DEFAULT '' COMMENT '操作地点',
  `oper_param` varchar(2000) CHARACTER SET utf8 COLLATE utf8_unicode_ci NULL DEFAULT '' COMMENT '请求参数',
  `json_result` varchar(2000) CHARACTER SET utf8 COLLATE utf8_unicode_ci NULL DEFAULT '' COMMENT '返回参数',
  `status` int(1) NULL DEFAULT 0 COMMENT '操作状态（0正常 1异常）',
  `error_msg` varchar(2000) CHARACTER SET utf8 COLLATE utf8_unicode_ci NULL DEFAULT '' COMMENT '错误消息',
  `oper_time` datetime(0) NULL DEFAULT NULL COMMENT '操作时间',
  PRIMARY KEY (`oper_id`) USING BTREE
) ENGINE = InnoDB AUTO_INCREMENT = 3138 CHARACTER SET = utf8 COLLATE = utf8_unicode_ci COMMENT = '操作日志记录' ROW_FORMAT = Compact;

-- ----------------------------
-- Records of sys_oper_log
-- ----------------------------
INSERT INTO `sys_oper_log` VALUES (3105, '菜单管理', 3, 'com.ruoyi.web.controller.system.SysMenuController.remove()', 'GET', 1, 'admin', '开发部门', '/system/menu/remove/111', '127.0.0.1', '内网IP', '{ }', '{\r\n  \"msg\" : \"菜单已分配,不允许删除\",\r\n  \"code\" : 301\r\n}', 0, NULL, '2020-12-09 08:26:49');
INSERT INTO `sys_oper_log` VALUES (3106, '菜单管理', 2, 'com.ruoyi.web.controller.system.SysMenuController.editSave()', 'POST', 1, 'admin', '开发部门', '/system/menu/edit', '127.0.0.1', '内网IP', '{\r\n  \"menuId\" : [ \"110\" ],\r\n  \"parentId\" : [ \"2\" ],\r\n  \"menuType\" : [ \"C\" ],\r\n  \"menuName\" : [ \"定时任务\" ],\r\n  \"url\" : [ \"/monitor/job\" ],\r\n  \"target\" : [ \"menuItem\" ],\r\n  \"perms\" : [ \"monitor:job:view\" ],\r\n  \"orderNum\" : [ \"2\" ],\r\n  \"icon\" : [ \"#\" ],\r\n  \"visible\" : [ \"1\" ]\r\n}', '{\r\n  \"msg\" : \"操作成功\",\r\n  \"code\" : 0\r\n}', 0, NULL, '2020-12-09 08:27:07');
INSERT INTO `sys_oper_log` VALUES (3107, '菜单管理', 2, 'com.ruoyi.web.controller.system.SysMenuController.editSave()', 'POST', 1, 'admin', '开发部门', '/system/menu/edit', '127.0.0.1', '内网IP', '{\r\n  \"menuId\" : [ \"111\" ],\r\n  \"parentId\" : [ \"2\" ],\r\n  \"menuType\" : [ \"C\" ],\r\n  \"menuName\" : [ \"数据监控\" ],\r\n  \"url\" : [ \"/monitor/data\" ],\r\n  \"target\" : [ \"menuItem\" ],\r\n  \"perms\" : [ \"monitor:data:view\" ],\r\n  \"orderNum\" : [ \"3\" ],\r\n  \"icon\" : [ \"#\" ],\r\n  \"visible\" : [ \"1\" ]\r\n}', '{\r\n  \"msg\" : \"操作成功\",\r\n  \"code\" : 0\r\n}', 0, NULL, '2020-12-09 08:27:22');
INSERT INTO `sys_oper_log` VALUES (3108, '菜单管理', 3, 'com.ruoyi.web.controller.system.SysMenuController.remove()', 'GET', 1, 'admin', '研发部门', '/system/menu/remove/110', '127.0.0.1', '内网IP', '{ }', '{\r\n  \"msg\" : \"存在子菜单,不允许删除\",\r\n  \"code\" : 301\r\n}', 0, NULL, '2020-12-09 08:27:37');
INSERT INTO `sys_oper_log` VALUES (3109, '菜单管理', 3, 'com.ruoyi.web.controller.system.SysMenuController.remove()', 'GET', 1, 'admin', '研发部门', '/system/menu/remove/1056', '127.0.0.1', '内网IP', '{ }', '{\r\n  \"msg\" : \"菜单已分配,不允许删除\",\r\n  \"code\" : 301\r\n}', 0, NULL, '2020-12-09 08:27:52');
INSERT INTO `sys_oper_log` VALUES (3110, '菜单管理', 3, 'com.ruoyi.web.controller.system.SysMenuController.remove()', 'GET', 1, 'admin', '研发部门', '/system/menu/remove/1056', '127.0.0.1', '内网IP', '{ }', '{\r\n  \"msg\" : \"菜单已分配,不允许删除\",\r\n  \"code\" : 301\r\n}', 0, NULL, '2020-12-09 08:29:10');
INSERT INTO `sys_oper_log` VALUES (3111, '菜单管理', 3, 'com.ruoyi.web.controller.system.SysMenuController.remove()', 'GET', 1, 'admin', '研发部门', '/system/menu/remove/1056', '127.0.0.1', '内网IP', '{ }', '{\r\n  \"msg\" : \"菜单已分配,不允许删除\",\r\n  \"code\" : 301\r\n}', 0, NULL, '2020-12-09 08:30:03');
INSERT INTO `sys_oper_log` VALUES (3112, '角色管理', 2, 'com.ruoyi.web.controller.system.SysRoleController.editSave()', 'POST', 1, 'admin', '研发部门', '/system/role/edit', '127.0.0.1', '内网IP', '{\r\n  \"roleId\" : [ \"2\" ],\r\n  \"roleName\" : [ \"普通角色\" ],\r\n  \"roleKey\" : [ \"common\" ],\r\n  \"roleSort\" : [ \"2\" ],\r\n  \"status\" : [ \"0\" ],\r\n  \"remark\" : [ \"普通角色\" ],\r\n  \"menuIds\" : [ \"1,100,1000,1001,1002,1003,1004,1005,1006,101,1007,1008,1009,1010,1011,102,1012,1013,1014,1015,103,1016,1017,1018,1019,104,1020,1021,1022,1023,1024,105,1025,1026,1027,1028,1029,106,1030,1031,1032,1033,1034,107,1035,1036,1037,1038,108,500,1039,1040,1041,1042,501,1043,1044,1045,1046,3,113,114,1057,1058,1059,1060,1061,115,4\" ]\r\n}', '{\r\n  \"msg\" : \"操作成功\",\r\n  \"code\" : 0\r\n}', 0, NULL, '2020-12-09 08:30:32');
INSERT INTO `sys_oper_log` VALUES (3113, '菜单管理', 3, 'com.ruoyi.web.controller.system.SysMenuController.remove()', 'GET', 1, 'admin', '研发部门', '/system/menu/remove/1056', '127.0.0.1', '内网IP', '{ }', '{\r\n  \"msg\" : \"操作成功\",\r\n  \"code\" : 0\r\n}', 0, NULL, '2020-12-09 08:30:46');
INSERT INTO `sys_oper_log` VALUES (3114, '菜单管理', 3, 'com.ruoyi.web.controller.system.SysMenuController.remove()', 'GET', 1, 'admin', '研发部门', '/system/menu/remove/110', '127.0.0.1', '内网IP', '{ }', '{\r\n  \"msg\" : \"存在子菜单,不允许删除\",\r\n  \"code\" : 301\r\n}', 0, NULL, '2020-12-09 08:30:58');
INSERT INTO `sys_oper_log` VALUES (3115, '菜单管理', 3, 'com.ruoyi.web.controller.system.SysMenuController.remove()', 'GET', 1, 'admin', '研发部门', '/system/menu/remove/1055', '127.0.0.1', '内网IP', '{ }', '{\r\n  \"msg\" : \"操作成功\",\r\n  \"code\" : 0\r\n}', 0, NULL, '2020-12-09 08:31:04');
INSERT INTO `sys_oper_log` VALUES (3116, '菜单管理', 3, 'com.ruoyi.web.controller.system.SysMenuController.remove()', 'GET', 1, 'admin', '研发部门', '/system/menu/remove/1054', '127.0.0.1', '内网IP', '{ }', '{\r\n  \"msg\" : \"操作成功\",\r\n  \"code\" : 0\r\n}', 0, NULL, '2020-12-09 08:31:15');
INSERT INTO `sys_oper_log` VALUES (3117, '菜单管理', 3, 'com.ruoyi.web.controller.system.SysMenuController.remove()', 'GET', 1, 'admin', '研发部门', '/system/menu/remove/1053', '127.0.0.1', '内网IP', '{ }', '{\r\n  \"msg\" : \"操作成功\",\r\n  \"code\" : 0\r\n}', 0, NULL, '2020-12-09 08:31:21');
INSERT INTO `sys_oper_log` VALUES (3118, '菜单管理', 3, 'com.ruoyi.web.controller.system.SysMenuController.remove()', 'GET', 1, 'admin', '研发部门', '/system/menu/remove/1052', '127.0.0.1', '内网IP', '{ }', '{\r\n  \"msg\" : \"操作成功\",\r\n  \"code\" : 0\r\n}', 0, NULL, '2020-12-09 08:31:26');
INSERT INTO `sys_oper_log` VALUES (3119, '菜单管理', 3, 'com.ruoyi.web.controller.system.SysMenuController.remove()', 'GET', 1, 'admin', '研发部门', '/system/menu/remove/1051', '127.0.0.1', '内网IP', '{ }', '{\r\n  \"msg\" : \"操作成功\",\r\n  \"code\" : 0\r\n}', 0, NULL, '2020-12-09 08:31:32');
INSERT INTO `sys_oper_log` VALUES (3120, '菜单管理', 3, 'com.ruoyi.web.controller.system.SysMenuController.remove()', 'GET', 1, 'admin', '研发部门', '/system/menu/remove/1050', '127.0.0.1', '内网IP', '{ }', '{\r\n  \"msg\" : \"操作成功\",\r\n  \"code\" : 0\r\n}', 0, NULL, '2020-12-09 08:31:36');
INSERT INTO `sys_oper_log` VALUES (3121, '菜单管理', 3, 'com.ruoyi.web.controller.system.SysMenuController.remove()', 'GET', 1, 'admin', '研发部门', '/system/menu/remove/110', '127.0.0.1', '内网IP', '{ }', '{\r\n  \"msg\" : \"操作成功\",\r\n  \"code\" : 0\r\n}', 0, NULL, '2020-12-09 08:31:40');
INSERT INTO `sys_oper_log` VALUES (3122, '菜单管理', 3, 'com.ruoyi.web.controller.system.SysMenuController.remove()', 'GET', 1, 'admin', '研发部门', '/system/menu/remove/111', '127.0.0.1', '内网IP', '{ }', '{\r\n  \"msg\" : \"操作成功\",\r\n  \"code\" : 0\r\n}', 0, NULL, '2020-12-09 08:31:45');
INSERT INTO `sys_oper_log` VALUES (3123, '角色管理', 2, 'com.ruoyi.web.controller.system.SysRoleController.editSave()', 'POST', 1, 'admin', '研发部门', '/system/role/edit', '127.0.0.1', '内网IP', '{\r\n  \"roleId\" : [ \"2\" ],\r\n  \"roleName\" : [ \"普通角色\" ],\r\n  \"roleKey\" : [ \"common\" ],\r\n  \"roleSort\" : [ \"2\" ],\r\n  \"status\" : [ \"0\" ],\r\n  \"remark\" : [ \"普通角色\" ],\r\n  \"menuIds\" : [ \"1,100,1000,1001,1002,1003,1004,1005,1006,101,1007,1008,1009,1010,1011,103,1016,1017,1018,1019,104,1020,1021,1022,1023,1024,108,500,1039,1040,1041,1042,501,1043,1044,1045,1046,2,109,1047,1048,1049,112\" ]\r\n}', '{\r\n  \"msg\" : \"操作成功\",\r\n  \"code\" : 0\r\n}', 0, NULL, '2020-12-09 08:33:48');
INSERT INTO `sys_oper_log` VALUES (3124, '部门管理', 1, 'com.ruoyi.web.controller.system.SysDeptController.addSave()', 'POST', 1, 'admin', '研发部门', '/system/dept/add', '127.0.0.1', '内网IP', '{\r\n  \"parentId\" : [ \"100\" ],\r\n  \"deptName\" : [ \"售货部\" ],\r\n  \"orderNum\" : [ \"1\" ],\r\n  \"leader\" : [ \"\" ],\r\n  \"phone\" : [ \"\" ],\r\n  \"email\" : [ \"\" ],\r\n  \"status\" : [ \"0\" ]\r\n}', '{\r\n  \"msg\" : \"操作成功\",\r\n  \"code\" : 0\r\n}', 0, NULL, '2020-12-09 08:37:28');
INSERT INTO `sys_oper_log` VALUES (3125, '用户管理', 2, 'com.ruoyi.web.controller.system.SysUserController.editSave()', 'POST', 1, 'admin', '研发部门', '/system/user/edit', '127.0.0.1', '内网IP', '{\r\n  \"userId\" : [ \"1\" ],\r\n  \"deptId\" : [ \"110\" ],\r\n  \"userName\" : [ \"若依\" ],\r\n  \"dept.deptName\" : [ \"售货部\" ],\r\n  \"phonenumber\" : [ \"15888888888\" ],\r\n  \"email\" : [ \"ry@163.com\" ],\r\n  \"loginName\" : [ \"admin\" ],\r\n  \"sex\" : [ \"1\" ],\r\n  \"role\" : [ \"2\" ],\r\n  \"remark\" : [ \"管理员\" ],\r\n  \"status\" : [ \"0\" ],\r\n  \"roleIds\" : [ \"2\" ],\r\n  \"postIds\" : [ \"1\" ]\r\n}', 'null', 1, '不允许操作超级管理员用户', '2020-12-09 08:37:39');
INSERT INTO `sys_oper_log` VALUES (3126, '用户管理', 2, 'com.ruoyi.web.controller.system.SysUserController.editSave()', 'POST', 1, 'admin', '研发部门', '/system/user/edit', '127.0.0.1', '内网IP', '{\r\n  \"userId\" : [ \"2\" ],\r\n  \"deptId\" : [ \"110\" ],\r\n  \"userName\" : [ \"若依\" ],\r\n  \"dept.deptName\" : [ \"售货部\" ],\r\n  \"phonenumber\" : [ \"15666666666\" ],\r\n  \"email\" : [ \"ry@qq.com\" ],\r\n  \"loginName\" : [ \"ry\" ],\r\n  \"sex\" : [ \"1\" ],\r\n  \"role\" : [ \"2\" ],\r\n  \"remark\" : [ \"测试员\" ],\r\n  \"status\" : [ \"0\" ],\r\n  \"roleIds\" : [ \"2\" ],\r\n  \"postIds\" : [ \"2\" ]\r\n}', '{\r\n  \"msg\" : \"操作成功\",\r\n  \"code\" : 0\r\n}', 0, NULL, '2020-12-09 08:37:53');
INSERT INTO `sys_oper_log` VALUES (3127, '部门管理', 3, 'com.ruoyi.web.controller.system.SysDeptController.remove()', 'GET', 1, 'admin', '研发部门', '/system/dept/remove/101', '127.0.0.1', '内网IP', '{ }', '{\r\n  \"msg\" : \"存在下级部门,不允许删除\",\r\n  \"code\" : 301\r\n}', 0, NULL, '2020-12-09 08:38:50');
INSERT INTO `sys_oper_log` VALUES (3128, '部门管理', 3, 'com.ruoyi.web.controller.system.SysDeptController.remove()', 'GET', 1, 'admin', '研发部门', '/system/dept/remove/103', '127.0.0.1', '内网IP', '{ }', '{\r\n  \"msg\" : \"操作成功\",\r\n  \"code\" : 0\r\n}', 0, NULL, '2020-12-09 08:38:55');
INSERT INTO `sys_oper_log` VALUES (3129, '部门管理', 3, 'com.ruoyi.web.controller.system.SysDeptController.remove()', 'GET', 1, 'admin', '研发部门', '/system/dept/remove/104', '127.0.0.1', '内网IP', '{ }', '{\r\n  \"msg\" : \"操作成功\",\r\n  \"code\" : 0\r\n}', 0, NULL, '2020-12-09 08:38:57');
INSERT INTO `sys_oper_log` VALUES (3130, '部门管理', 3, 'com.ruoyi.web.controller.system.SysDeptController.remove()', 'GET', 1, 'admin', '研发部门', '/system/dept/remove/106', '127.0.0.1', '内网IP', '{ }', '{\r\n  \"msg\" : \"操作成功\",\r\n  \"code\" : 0\r\n}', 0, NULL, '2020-12-09 08:38:59');
INSERT INTO `sys_oper_log` VALUES (3131, '部门管理', 3, 'com.ruoyi.web.controller.system.SysDeptController.remove()', 'GET', 1, 'admin', '研发部门', '/system/dept/remove/107', '127.0.0.1', '内网IP', '{ }', '{\r\n  \"msg\" : \"操作成功\",\r\n  \"code\" : 0\r\n}', 0, NULL, '2020-12-09 08:39:01');
INSERT INTO `sys_oper_log` VALUES (3132, '部门管理', 3, 'com.ruoyi.web.controller.system.SysDeptController.remove()', 'GET', 1, 'admin', '研发部门', '/system/dept/remove/105', '127.0.0.1', '内网IP', '{ }', '{\r\n  \"msg\" : \"操作成功\",\r\n  \"code\" : 0\r\n}', 0, NULL, '2020-12-09 08:39:02');
INSERT INTO `sys_oper_log` VALUES (3133, '部门管理', 3, 'com.ruoyi.web.controller.system.SysDeptController.remove()', 'GET', 1, 'admin', '研发部门', '/system/dept/remove/110', '127.0.0.1', '内网IP', '{ }', '{\r\n  \"msg\" : \"部门存在用户,不允许删除\",\r\n  \"code\" : 301\r\n}', 0, NULL, '2020-12-09 08:39:08');
INSERT INTO `sys_oper_log` VALUES (3134, '部门管理', 3, 'com.ruoyi.web.controller.system.SysDeptController.remove()', 'GET', 1, 'admin', '研发部门', '/system/dept/remove/101', '127.0.0.1', '内网IP', '{ }', '{\r\n  \"msg\" : \"操作成功\",\r\n  \"code\" : 0\r\n}', 0, NULL, '2020-12-09 08:39:11');
INSERT INTO `sys_oper_log` VALUES (3135, '部门管理', 3, 'com.ruoyi.web.controller.system.SysDeptController.remove()', 'GET', 1, 'admin', '研发部门', '/system/dept/remove/108', '127.0.0.1', '内网IP', '{ }', '{\r\n  \"msg\" : \"操作成功\",\r\n  \"code\" : 0\r\n}', 0, NULL, '2020-12-09 08:39:13');
INSERT INTO `sys_oper_log` VALUES (3136, '部门管理', 3, 'com.ruoyi.web.controller.system.SysDeptController.remove()', 'GET', 1, 'admin', '研发部门', '/system/dept/remove/109', '127.0.0.1', '内网IP', '{ }', '{\r\n  \"msg\" : \"操作成功\",\r\n  \"code\" : 0\r\n}', 0, NULL, '2020-12-09 08:39:14');
INSERT INTO `sys_oper_log` VALUES (3137, '部门管理', 3, 'com.ruoyi.web.controller.system.SysDeptController.remove()', 'GET', 1, 'admin', '研发部门', '/system/dept/remove/102', '127.0.0.1', '内网IP', '{ }', '{\r\n  \"msg\" : \"操作成功\",\r\n  \"code\" : 0\r\n}', 0, NULL, '2020-12-09 08:39:16');

-- ----------------------------
-- Table structure for sys_post
-- ----------------------------
DROP TABLE IF EXISTS `sys_post`;
CREATE TABLE `sys_post`  (
  `post_id` bigint(20) NOT NULL AUTO_INCREMENT COMMENT '岗位ID',
  `post_code` varchar(64) CHARACTER SET utf8 COLLATE utf8_unicode_ci NOT NULL COMMENT '岗位编码',
  `post_name` varchar(50) CHARACTER SET utf8 COLLATE utf8_unicode_ci NOT NULL COMMENT '岗位名称',
  `post_sort` int(4) NOT NULL COMMENT '显示顺序',
  `status` char(1) CHARACTER SET utf8 COLLATE utf8_unicode_ci NOT NULL COMMENT '状态（0正常 1停用）',
  `create_by` varchar(64) CHARACTER SET utf8 COLLATE utf8_unicode_ci NULL DEFAULT '' COMMENT '创建者',
  `create_time` datetime(0) NULL DEFAULT NULL COMMENT '创建时间',
  `update_by` varchar(64) CHARACTER SET utf8 COLLATE utf8_unicode_ci NULL DEFAULT '' COMMENT '更新者',
  `update_time` datetime(0) NULL DEFAULT NULL COMMENT '更新时间',
  `remark` varchar(500) CHARACTER SET utf8 COLLATE utf8_unicode_ci NULL DEFAULT NULL COMMENT '备注',
  PRIMARY KEY (`post_id`) USING BTREE
) ENGINE = InnoDB AUTO_INCREMENT = 5 CHARACTER SET = utf8 COLLATE = utf8_unicode_ci COMMENT = '岗位信息表' ROW_FORMAT = Compact;

-- ----------------------------
-- Records of sys_post
-- ----------------------------
INSERT INTO `sys_post` VALUES (1, 'ceo', '董事长', 1, '0', 'admin', '2018-03-16 11:33:00', 'ry', '2018-03-16 11:33:00', '');
INSERT INTO `sys_post` VALUES (2, 'se', '项目经理', 2, '0', 'admin', '2018-03-16 11:33:00', 'ry', '2018-03-16 11:33:00', '');
INSERT INTO `sys_post` VALUES (3, 'hr', '人力资源', 3, '0', 'admin', '2018-03-16 11:33:00', 'ry', '2018-03-16 11:33:00', '');
INSERT INTO `sys_post` VALUES (4, 'user', '普通员工', 4, '0', 'admin', '2018-03-16 11:33:00', 'ry', '2018-03-16 11:33:00', '');

-- ----------------------------
-- Table structure for sys_role
-- ----------------------------
DROP TABLE IF EXISTS `sys_role`;
CREATE TABLE `sys_role`  (
  `role_id` bigint(20) NOT NULL AUTO_INCREMENT COMMENT '角色ID',
  `role_name` varchar(30) CHARACTER SET utf8 COLLATE utf8_unicode_ci NOT NULL COMMENT '角色名称',
  `role_key` varchar(100) CHARACTER SET utf8 COLLATE utf8_unicode_ci NOT NULL COMMENT '角色权限字符串',
  `role_sort` int(4) NOT NULL COMMENT '显示顺序',
  `data_scope` char(1) CHARACTER SET utf8 COLLATE utf8_unicode_ci NULL DEFAULT '1' COMMENT '数据范围（1：全部数据权限 2：自定数据权限 3：本部门数据权限 4：本部门及以下数据权限）',
  `status` char(1) CHARACTER SET utf8 COLLATE utf8_unicode_ci NOT NULL COMMENT '角色状态（0正常 1停用）',
  `del_flag` char(1) CHARACTER SET utf8 COLLATE utf8_unicode_ci NULL DEFAULT '0' COMMENT '删除标志（0代表存在 2代表删除）',
  `create_by` varchar(64) CHARACTER SET utf8 COLLATE utf8_unicode_ci NULL DEFAULT '' COMMENT '创建者',
  `create_time` datetime(0) NULL DEFAULT NULL COMMENT '创建时间',
  `update_by` varchar(64) CHARACTER SET utf8 COLLATE utf8_unicode_ci NULL DEFAULT '' COMMENT '更新者',
  `update_time` datetime(0) NULL DEFAULT NULL COMMENT '更新时间',
  `remark` varchar(500) CHARACTER SET utf8 COLLATE utf8_unicode_ci NULL DEFAULT NULL COMMENT '备注',
  PRIMARY KEY (`role_id`) USING BTREE
) ENGINE = InnoDB AUTO_INCREMENT = 3 CHARACTER SET = utf8 COLLATE = utf8_unicode_ci COMMENT = '角色信息表' ROW_FORMAT = Compact;

-- ----------------------------
-- Records of sys_role
-- ----------------------------
INSERT INTO `sys_role` VALUES (1, '超级管理员', 'admin', 1, '1', '0', '0', 'admin', '2018-03-16 11:33:00', 'ry', '2018-03-16 11:33:00', '超级管理员');
INSERT INTO `sys_role` VALUES (2, '普通角色', 'common', 2, '2', '0', '0', 'admin', '2018-03-16 11:33:00', 'admin', '2020-12-09 08:33:48', '普通角色');

-- ----------------------------
-- Table structure for sys_role_dept
-- ----------------------------
DROP TABLE IF EXISTS `sys_role_dept`;
CREATE TABLE `sys_role_dept`  (
  `role_id` bigint(20) NOT NULL COMMENT '角色ID',
  `dept_id` bigint(20) NOT NULL COMMENT '部门ID',
  PRIMARY KEY (`role_id`, `dept_id`) USING BTREE
) ENGINE = InnoDB CHARACTER SET = utf8 COLLATE = utf8_unicode_ci COMMENT = '角色和部门关联表' ROW_FORMAT = Compact;

-- ----------------------------
-- Records of sys_role_dept
-- ----------------------------
INSERT INTO `sys_role_dept` VALUES (2, 100);
INSERT INTO `sys_role_dept` VALUES (2, 101);
INSERT INTO `sys_role_dept` VALUES (2, 105);

-- ----------------------------
-- Table structure for sys_role_menu
-- ----------------------------
DROP TABLE IF EXISTS `sys_role_menu`;
CREATE TABLE `sys_role_menu`  (
  `role_id` bigint(20) NOT NULL COMMENT '角色ID',
  `menu_id` bigint(20) NOT NULL COMMENT '菜单ID',
  PRIMARY KEY (`role_id`, `menu_id`) USING BTREE
) ENGINE = InnoDB CHARACTER SET = utf8 COLLATE = utf8_unicode_ci COMMENT = '角色和菜单关联表' ROW_FORMAT = Compact;

-- ----------------------------
-- Records of sys_role_menu
-- ----------------------------
INSERT INTO `sys_role_menu` VALUES (2, 1);
INSERT INTO `sys_role_menu` VALUES (2, 2);
INSERT INTO `sys_role_menu` VALUES (2, 100);
INSERT INTO `sys_role_menu` VALUES (2, 101);
INSERT INTO `sys_role_menu` VALUES (2, 103);
INSERT INTO `sys_role_menu` VALUES (2, 104);
INSERT INTO `sys_role_menu` VALUES (2, 108);
INSERT INTO `sys_role_menu` VALUES (2, 109);
INSERT INTO `sys_role_menu` VALUES (2, 112);
INSERT INTO `sys_role_menu` VALUES (2, 500);
INSERT INTO `sys_role_menu` VALUES (2, 501);
INSERT INTO `sys_role_menu` VALUES (2, 1000);
INSERT INTO `sys_role_menu` VALUES (2, 1001);
INSERT INTO `sys_role_menu` VALUES (2, 1002);
INSERT INTO `sys_role_menu` VALUES (2, 1003);
INSERT INTO `sys_role_menu` VALUES (2, 1004);
INSERT INTO `sys_role_menu` VALUES (2, 1005);
INSERT INTO `sys_role_menu` VALUES (2, 1006);
INSERT INTO `sys_role_menu` VALUES (2, 1007);
INSERT INTO `sys_role_menu` VALUES (2, 1008);
INSERT INTO `sys_role_menu` VALUES (2, 1009);
INSERT INTO `sys_role_menu` VALUES (2, 1010);
INSERT INTO `sys_role_menu` VALUES (2, 1011);
INSERT INTO `sys_role_menu` VALUES (2, 1016);
INSERT INTO `sys_role_menu` VALUES (2, 1017);
INSERT INTO `sys_role_menu` VALUES (2, 1018);
INSERT INTO `sys_role_menu` VALUES (2, 1019);
INSERT INTO `sys_role_menu` VALUES (2, 1020);
INSERT INTO `sys_role_menu` VALUES (2, 1021);
INSERT INTO `sys_role_menu` VALUES (2, 1022);
INSERT INTO `sys_role_menu` VALUES (2, 1023);
INSERT INTO `sys_role_menu` VALUES (2, 1024);
INSERT INTO `sys_role_menu` VALUES (2, 1039);
INSERT INTO `sys_role_menu` VALUES (2, 1040);
INSERT INTO `sys_role_menu` VALUES (2, 1041);
INSERT INTO `sys_role_menu` VALUES (2, 1042);
INSERT INTO `sys_role_menu` VALUES (2, 1043);
INSERT INTO `sys_role_menu` VALUES (2, 1044);
INSERT INTO `sys_role_menu` VALUES (2, 1045);
INSERT INTO `sys_role_menu` VALUES (2, 1046);
INSERT INTO `sys_role_menu` VALUES (2, 1047);
INSERT INTO `sys_role_menu` VALUES (2, 1048);
INSERT INTO `sys_role_menu` VALUES (2, 1049);

-- ----------------------------
-- Table structure for sys_user
-- ----------------------------
DROP TABLE IF EXISTS `sys_user`;
CREATE TABLE `sys_user`  (
  `user_id` bigint(20) NOT NULL AUTO_INCREMENT COMMENT '用户ID',
  `dept_id` bigint(20) NULL DEFAULT NULL COMMENT '部门ID',
  `login_name` varchar(30) CHARACTER SET utf8 COLLATE utf8_unicode_ci NOT NULL COMMENT '登录账号',
  `user_name` varchar(30) CHARACTER SET utf8 COLLATE utf8_unicode_ci NULL DEFAULT '' COMMENT '用户昵称',
  `user_type` varchar(2) CHARACTER SET utf8 COLLATE utf8_unicode_ci NULL DEFAULT '00' COMMENT '用户类型（00系统用户 01注册用户）',
  `email` varchar(50) CHARACTER SET utf8 COLLATE utf8_unicode_ci NULL DEFAULT '' COMMENT '用户邮箱',
  `phonenumber` varchar(11) CHARACTER SET utf8 COLLATE utf8_unicode_ci NULL DEFAULT '' COMMENT '手机号码',
  `sex` char(1) CHARACTER SET utf8 COLLATE utf8_unicode_ci NULL DEFAULT '0' COMMENT '用户性别（0男 1女 2未知）',
  `avatar` varchar(100) CHARACTER SET utf8 COLLATE utf8_unicode_ci NULL DEFAULT '' COMMENT '头像路径',
  `password` varchar(50) CHARACTER SET utf8 COLLATE utf8_unicode_ci NULL DEFAULT '' COMMENT '密码',
  `salt` varchar(20) CHARACTER SET utf8 COLLATE utf8_unicode_ci NULL DEFAULT '' COMMENT '盐加密',
  `status` char(1) CHARACTER SET utf8 COLLATE utf8_unicode_ci NULL DEFAULT '0' COMMENT '帐号状态（0正常 1停用）',
  `del_flag` char(1) CHARACTER SET utf8 COLLATE utf8_unicode_ci NULL DEFAULT '0' COMMENT '删除标志（0代表存在 2代表删除）',
  `login_ip` varchar(50) CHARACTER SET utf8 COLLATE utf8_unicode_ci NULL DEFAULT '' COMMENT '最后登陆IP',
  `login_date` datetime(0) NULL DEFAULT NULL COMMENT '最后登陆时间',
  `create_by` varchar(64) CHARACTER SET utf8 COLLATE utf8_unicode_ci NULL DEFAULT '' COMMENT '创建者',
  `create_time` datetime(0) NULL DEFAULT NULL COMMENT '创建时间',
  `update_by` varchar(64) CHARACTER SET utf8 COLLATE utf8_unicode_ci NULL DEFAULT '' COMMENT '更新者',
  `update_time` datetime(0) NULL DEFAULT NULL COMMENT '更新时间',
  `remark` varchar(500) CHARACTER SET utf8 COLLATE utf8_unicode_ci NULL DEFAULT NULL COMMENT '备注',
  PRIMARY KEY (`user_id`) USING BTREE
) ENGINE = InnoDB AUTO_INCREMENT = 3 CHARACTER SET = utf8 COLLATE = utf8_unicode_ci COMMENT = '用户信息表' ROW_FORMAT = Compact;

-- ----------------------------
-- Records of sys_user
-- ----------------------------
INSERT INTO `sys_user` VALUES (1, 110, 'admin', '若依', '00', 'ry@163.com', '15888888888', '1', '', '29c67a30398638269fe600f73a054934', '111111', '0', '0', '127.0.0.1', '2020-12-09 08:41:10', 'admin', '2018-03-16 11:33:00', 'ry', '2020-12-09 08:41:10', '管理员');
INSERT INTO `sys_user` VALUES (2, 110, 'ry', '若依', '00', 'ry@qq.com', '15666666666', '1', '', '84025594309c395c693ac2997e0e6b2b', '222222', '0', '0', '127.0.0.1', '2020-12-09 08:40:22', 'admin', '2018-03-16 11:33:00', 'admin', '2020-12-09 08:40:23', '测试员');

-- ----------------------------
-- Table structure for sys_user_online
-- ----------------------------
DROP TABLE IF EXISTS `sys_user_online`;
CREATE TABLE `sys_user_online`  (
  `sessionId` varchar(50) CHARACTER SET utf8 COLLATE utf8_unicode_ci NOT NULL DEFAULT '' COMMENT '用户会话id',
  `login_name` varchar(50) CHARACTER SET utf8 COLLATE utf8_unicode_ci NULL DEFAULT '' COMMENT '登录账号',
  `dept_name` varchar(50) CHARACTER SET utf8 COLLATE utf8_unicode_ci NULL DEFAULT '' COMMENT '部门名称',
  `ipaddr` varchar(50) CHARACTER SET utf8 COLLATE utf8_unicode_ci NULL DEFAULT '' COMMENT '登录IP地址',
  `login_location` varchar(255) CHARACTER SET utf8 COLLATE utf8_unicode_ci NULL DEFAULT '' COMMENT '登录地点',
  `browser` varchar(50) CHARACTER SET utf8 COLLATE utf8_unicode_ci NULL DEFAULT '' COMMENT '浏览器类型',
  `os` varchar(50) CHARACTER SET utf8 COLLATE utf8_unicode_ci NULL DEFAULT '' COMMENT '操作系统',
  `status` varchar(10) CHARACTER SET utf8 COLLATE utf8_unicode_ci NULL DEFAULT '' COMMENT '在线状态on_line在线off_line离线',
  `start_timestamp` datetime(0) NULL DEFAULT NULL COMMENT 'session创建时间',
  `last_access_time` datetime(0) NULL DEFAULT NULL COMMENT 'session最后访问时间',
  `expire_time` int(5) NULL DEFAULT 0 COMMENT '超时时间，单位为分钟',
  PRIMARY KEY (`sessionId`) USING BTREE
) ENGINE = InnoDB CHARACTER SET = utf8 COLLATE = utf8_unicode_ci COMMENT = '在线用户记录' ROW_FORMAT = Compact;

-- ----------------------------
-- Records of sys_user_online
-- ----------------------------
INSERT INTO `sys_user_online` VALUES ('d8eaa60e-165c-457d-852a-e5053e6bbfbb', 'admin', '售货部', '127.0.0.1', '内网IP', 'Chrome 8', 'Windows 10', 'on_line', '2020-12-09 08:41:05', '2020-12-09 08:41:10', 3600000);

-- ----------------------------
-- Table structure for sys_user_post
-- ----------------------------
DROP TABLE IF EXISTS `sys_user_post`;
CREATE TABLE `sys_user_post`  (
  `user_id` bigint(20) NOT NULL COMMENT '用户ID',
  `post_id` bigint(20) NOT NULL COMMENT '岗位ID',
  PRIMARY KEY (`user_id`, `post_id`) USING BTREE
) ENGINE = InnoDB CHARACTER SET = utf8 COLLATE = utf8_unicode_ci COMMENT = '用户与岗位关联表' ROW_FORMAT = Compact;

-- ----------------------------
-- Records of sys_user_post
-- ----------------------------
INSERT INTO `sys_user_post` VALUES (1, 1);
INSERT INTO `sys_user_post` VALUES (2, 2);

-- ----------------------------
-- Table structure for sys_user_role
-- ----------------------------
DROP TABLE IF EXISTS `sys_user_role`;
CREATE TABLE `sys_user_role`  (
  `user_id` bigint(20) NOT NULL COMMENT '用户ID',
  `role_id` bigint(20) NOT NULL COMMENT '角色ID',
  PRIMARY KEY (`user_id`, `role_id`) USING BTREE
) ENGINE = InnoDB CHARACTER SET = utf8 COLLATE = utf8_unicode_ci COMMENT = '用户和角色关联表' ROW_FORMAT = Compact;

-- ----------------------------
-- Records of sys_user_role
-- ----------------------------
INSERT INTO `sys_user_role` VALUES (1, 1);
INSERT INTO `sys_user_role` VALUES (2, 2);

-- ----------------------------
-- Table structure for t_goods
-- ----------------------------
DROP TABLE IF EXISTS `t_goods`;
CREATE TABLE `t_goods`  (
  `id` bigint(20) NOT NULL AUTO_INCREMENT COMMENT 'ID',
  `create_by` varchar(64) CHARACTER SET utf8 COLLATE utf8_unicode_ci NOT NULL DEFAULT '' COMMENT '创建者',
  `create_time` datetime(0) NOT NULL COMMENT '创建时间',
  `name` varchar(50) CHARACTER SET utf8 COLLATE utf8_unicode_ci NULL DEFAULT '' COMMENT '名称',
  `type_id` bigint(20) NULL DEFAULT NULL COMMENT '类型ID',
  `num` decimal(9, 2) NULL DEFAULT NULL COMMENT '库存',
  `price` decimal(9, 2) NULL DEFAULT NULL COMMENT '价格',
  `unit` varchar(9) CHARACTER SET utf8 COLLATE utf8_unicode_ci NULL DEFAULT NULL COMMENT '单位',
  PRIMARY KEY (`id`) USING BTREE
) ENGINE = InnoDB AUTO_INCREMENT = 2855 CHARACTER SET = utf8 COLLATE = utf8_unicode_ci COMMENT = '商品表' ROW_FORMAT = Compact;

-- ----------------------------
-- Table structure for t_goods_type
-- ----------------------------
DROP TABLE IF EXISTS `t_goods_type`;
CREATE TABLE `t_goods_type`  (
  `id` bigint(20) NOT NULL AUTO_INCREMENT COMMENT 'ID',
  `create_by` varchar(64) CHARACTER SET utf8 COLLATE utf8_unicode_ci NOT NULL DEFAULT '' COMMENT '创建者',
  `create_time` datetime(0) NOT NULL COMMENT '创建时间',
  `type_name` varchar(50) CHARACTER SET utf8 COLLATE utf8_unicode_ci NOT NULL DEFAULT '' COMMENT '类型名称',
  PRIMARY KEY (`id`) USING BTREE
) ENGINE = InnoDB AUTO_INCREMENT = 2855 CHARACTER SET = utf8 COLLATE = utf8_unicode_ci COMMENT = '商品类型表' ROW_FORMAT = Compact;

-- ----------------------------
-- Table structure for t_inbound
-- ----------------------------
DROP TABLE IF EXISTS `t_inbound`;
CREATE TABLE `t_inbound`  (
  `id` bigint(20) NOT NULL AUTO_INCREMENT COMMENT 'ID',
  `create_by` varchar(64) CHARACTER SET utf8 COLLATE utf8_unicode_ci NOT NULL DEFAULT '' COMMENT '创建者',
  `create_time` datetime(0) NOT NULL COMMENT '创建时间',
  `inbound_code` varchar(50) CHARACTER SET utf8 COLLATE utf8_unicode_ci NOT NULL DEFAULT '' COMMENT '入库单号',
  PRIMARY KEY (`id`) USING BTREE
) ENGINE = InnoDB AUTO_INCREMENT = 2855 CHARACTER SET = utf8 COLLATE = utf8_unicode_ci COMMENT = '入库单表' ROW_FORMAT = Compact;

-- ----------------------------
-- Table structure for t_inbound_detail
-- ----------------------------
DROP TABLE IF EXISTS `t_inbound_detail`;
CREATE TABLE `t_inbound_detail`  (
  `id` bigint(20) NOT NULL AUTO_INCREMENT COMMENT 'ID',
  `create_by` varchar(64) CHARACTER SET utf8 COLLATE utf8_unicode_ci NULL DEFAULT '' COMMENT '创建者',
  `create_time` datetime(0) NULL DEFAULT NULL COMMENT '创建时间',
  `inbound_code` varchar(50) CHARACTER SET utf8 COLLATE utf8_unicode_ci NULL DEFAULT '' COMMENT '入库单号',
  `goods_id` bigint(20) NULL DEFAULT NULL COMMENT '商品ID',
  `num` decimal(10, 0) NULL DEFAULT NULL COMMENT '数量',
  PRIMARY KEY (`id`) USING BTREE
) ENGINE = InnoDB AUTO_INCREMENT = 2855 CHARACTER SET = utf8 COLLATE = utf8_unicode_ci COMMENT = '入库单明细表' ROW_FORMAT = Compact;

-- ----------------------------
-- Table structure for t_inventory_record
-- ----------------------------
DROP TABLE IF EXISTS `t_inventory_record`;
CREATE TABLE `t_inventory_record`  (
  `id` bigint(20) NOT NULL AUTO_INCREMENT COMMENT 'ID',
  `create_by` varchar(64) CHARACTER SET utf8 COLLATE utf8_unicode_ci NULL DEFAULT '' COMMENT '创建者',
  `create_time` datetime(0) NULL DEFAULT NULL COMMENT '创建时间',
  PRIMARY KEY (`id`) USING BTREE
) ENGINE = InnoDB AUTO_INCREMENT = 2855 CHARACTER SET = utf8 COLLATE = utf8_unicode_ci COMMENT = '盘点记录表' ROW_FORMAT = Compact;

-- ----------------------------
-- Table structure for t_outbound
-- ----------------------------
DROP TABLE IF EXISTS `t_outbound`;
CREATE TABLE `t_outbound`  (
  `id` bigint(20) NOT NULL AUTO_INCREMENT COMMENT 'ID',
  `create_by` varchar(64) CHARACTER SET utf8 COLLATE utf8_unicode_ci NULL DEFAULT '' COMMENT '创建者',
  `create_time` datetime(0) NULL DEFAULT NULL COMMENT '创建时间',
  `outbound_code` varchar(50) CHARACTER SET utf8 COLLATE utf8_unicode_ci NULL DEFAULT '' COMMENT '出库单号',
  PRIMARY KEY (`id`) USING BTREE
) ENGINE = InnoDB AUTO_INCREMENT = 2855 CHARACTER SET = utf8 COLLATE = utf8_unicode_ci COMMENT = '出库单表' ROW_FORMAT = Compact;

-- ----------------------------
-- Table structure for t_outbound_detail
-- ----------------------------
DROP TABLE IF EXISTS `t_outbound_detail`;
CREATE TABLE `t_outbound_detail`  (
  `id` bigint(20) NOT NULL AUTO_INCREMENT COMMENT 'ID',
  `create_by` varchar(64) CHARACTER SET utf8 COLLATE utf8_unicode_ci NULL DEFAULT '' COMMENT '创建者',
  `create_time` datetime(0) NULL DEFAULT NULL COMMENT '创建时间',
  `outbound_code` varchar(50) CHARACTER SET utf8 COLLATE utf8_unicode_ci NULL DEFAULT '' COMMENT '出库单号',
  `goods_id` bigint(20) NULL DEFAULT NULL COMMENT '商品ID',
  `num` decimal(10, 0) NULL DEFAULT NULL COMMENT '数量',
  PRIMARY KEY (`id`) USING BTREE
) ENGINE = InnoDB AUTO_INCREMENT = 2855 CHARACTER SET = utf8 COLLATE = utf8_unicode_ci COMMENT = '出库单明细表' ROW_FORMAT = Compact;

-- ----------------------------
-- Table structure for t_supplier
-- ----------------------------
DROP TABLE IF EXISTS `t_supplier`;
CREATE TABLE `t_supplier`  (
  `id` bigint(20) NOT NULL AUTO_INCREMENT COMMENT 'ID',
  `create_by` varchar(64) CHARACTER SET utf8 COLLATE utf8_unicode_ci NULL DEFAULT '' COMMENT '创建者',
  `create_time` datetime(0) NULL DEFAULT NULL COMMENT '创建时间',
  `supplier_name` varchar(50) CHARACTER SET utf8 COLLATE utf8_unicode_ci NULL DEFAULT '' COMMENT '名称',
  `phone` varchar(20) CHARACTER SET utf8 COLLATE utf8_unicode_ci NULL DEFAULT NULL COMMENT '电话',
  `wechat` varchar(20) CHARACTER SET utf8 COLLATE utf8_unicode_ci NULL DEFAULT NULL COMMENT '微信',
  `address` varchar(100) CHARACTER SET utf8 COLLATE utf8_unicode_ci NULL DEFAULT NULL COMMENT '地址',
  PRIMARY KEY (`id`) USING BTREE
) ENGINE = InnoDB AUTO_INCREMENT = 2855 CHARACTER SET = utf8 COLLATE = utf8_unicode_ci COMMENT = '供货商表' ROW_FORMAT = Compact;

SET FOREIGN_KEY_CHECKS = 1;
